x,y,predicted_class
-1.3,-1.3,0
-1.26709,-1.3,0
-1.23418,-1.3,0
-1.20127,-1.3,0
-1.16835,-1.3,0
-1.13544,-1.3,0
-1.10253,-1.3,0
-1.06962,-1.3,0
-1.03671,-1.3,0
-1.0038,-1.3,0
-0.970886,-1.3,0
-0.937975,-1.3,0
-0.905063,-1.3,0
-0.872152,-1.3,0
-0.83924,-1.3,0
-0.806329,-1.3,0
-0.773418,-1.3,0
-0.740506,-1.3,0
-0.707595,-1.3,0
-0.674684,-1.3,0
-0.641772,-1.3,0
-0.608861,-1.3,0
-0.575949,-1.3,0
-0.543038,-1.3,0
-0.510127,-1.3,0
-0.477215,-1.3,0
-0.444304,-1.3,0
-0.411392,-1.3,0
-0.378481,-1.3,0
-0.34557,-1.3,0
-0.312658,-1.3,0
-0.279747,-1.3,0
-0.246835,-1.3,0
-0.213924,-1.3,0
-0.181013,-1.3,0
-0.148101,-1.3,0
-0.11519,-1.3,0
-0.0822785,-1.3,0
-0.0493671,-1.3,0
-0.0164558,-1.3,0
0.0164558,-1.3,0
0.0493671,-1.3,0
0.0822785,-1.3,0
0.11519,-1.3,0
0.148101,-1.3,0
0.181013,-1.3,0
0.213924,-1.3,0
0.246835,-1.3,0
0.279747,-1.3,0
0.312658,-1.3,0
0.34557,-1.3,0
0.378481,-1.3,0
0.411392,-1.3,0
0.444304,-1.3,0
0.477215,-1.3,0
0.510127,-1.3,0
0.543038,-1.3,0
0.575949,-1.3,0
0.608861,-1.3,0
0.641772,-1.3,0
0.674684,-1.3,0
0.707595,-1.3,0
0.740506,-1.3,0
0.773418,-1.3,0
0.806329,-1.3,0
0.839241,-1.3,0
0.872152,-1.3,0
0.905063,-1.3,0
0.937975,-1.3,0
0.970886,-1.3,0
1.0038,-1.3,0
1.03671,-1.3,0
1.06962,-1.3,0
1.10253,-1.3,0
1.13544,-1.3,0
1.16835,-1.3,0
1.20127,-1.3,0
1.23418,-1.3,0
1.26709,-1.3,0
1.3,-1.3,0
-1.3,-1.26709,0
-1.26709,-1.26709,0
-1.23418,-1.26709,0
-1.20127,-1.26709,0
-1.16835,-1.26709,0
-1.13544,-1.26709,0
-1.10253,-1.26709,0
-1.06962,-1.26709,0
-1.03671,-1.26709,0
-1.0038,-1.26709,0
-0.970886,-1.26709,0
-0.937975,-1.26709,0
-0.905063,-1.26709,0
-0.872152,-1.26709,0
-0.83924,-1.26709,0
-0.806329,-1.26709,0
-0.773418,-1.26709,0
-0.740506,-1.26709,0
-0.707595,-1.26709,0
-0.674684,-1.26709,0
-0.641772,-1.26709,0
-0.608861,-1.26709,0
-0.575949,-1.26709,0
-0.543038,-1.26709,0
-0.510127,-1.26709,0
-0.477215,-1.26709,0
-0.444304,-1.26709,0
-0.411392,-1.26709,0
-0.378481,-1.26709,0
-0.34557,-1.26709,0
-0.312658,-1.26709,0
-0.279747,-1.26709,0
-0.246835,-1.26709,0
-0.213924,-1.26709,0
-0.181013,-1.26709,0
-0.148101,-1.26709,0
-0.11519,-1.26709,0
-0.0822785,-1.26709,0
-0.0493671,-1.26709,0
-0.0164558,-1.26709,0
0.0164558,-1.26709,0
0.0493671,-1.26709,0
0.0822785,-1.26709,0
0.11519,-1.26709,0
0.148101,-1.26709,0
0.181013,-1.26709,0
0.213924,-1.26709,0
0.246835,-1.26709,0
0.279747,-1.26709,0
0.312658,-1.26709,0
0.34557,-1.26709,0
0.378481,-1.26709,0
0.411392,-1.26709,0
0.444304,-1.26709,0
0.477215,-1.26709,0
0.510127,-1.26709,0
0.543038,-1.26709,0
0.575949,-1.26709,0
0.608861,-1.26709,0
0.641772,-1.26709,0
0.674684,-1.26709,0
0.707595,-1.26709,0
0.740506,-1.26709,0
0.773418,-1.26709,0
0.806329,-1.26709,0
0.839241,-1.26709,0
0.872152,-1.26709,0
0.905063,-1.26709,0
0.937975,-1.26709,0
0.970886,-1.26709,0
1.0038,-1.26709,0
1.03671,-1.26709,0
1.06962,-1.26709,0
1.10253,-1.26709,0
1.13544,-1.26709,0
1.16835,-1.26709,0
1.20127,-1.26709,0
1.23418,-1.26709,0
1.26709,-1.26709,0
1.3,-1.26709,0
-1.3,-1.23418,0
-1.26709,-1.23418,0
-1.23418,-1.23418,0
-1.20127,-1.23418,0
-1.16835,-1.23418,0
-1.13544,-1.23418,0
-1.10253,-1.23418,0
-1.06962,-1.23418,0
-1.03671,-1.23418,0
-1.0038,-1.23418,0
-0.970886,-1.23418,0
-0.937975,-1.23418,0
-0.905063,-1.23418,0
-0.872152,-1.23418,0
-0.83924,-1.23418,0
-0.806329,-1.23418,0
-0.773418,-1.23418,0
-0.740506,-1.23418,0
-0.707595,-1.23418,0
-0.674684,-1.23418,0
-0.641772,-1.23418,0
-0.608861,-1.23418,0
-0.575949,-1.23418,0
-0.543038,-1.23418,0
-0.510127,-1.23418,0
-0.477215,-1.23418,0
-0.444304,-1.23418,0
-0.411392,-1.23418,0
-0.378481,-1.23418,0
-0.34557,-1.23418,0
-0.312658,-1.23418,0
-0.279747,-1.23418,0
-0.246835,-1.23418,0
-0.213924,-1.23418,0
-0.181013,-1.23418,0
-0.148101,-1.23418,0
-0.11519,-1.23418,0
-0.0822785,-1.23418,0
-0.0493671,-1.23418,0
-0.0164558,-1.23418,0
0.0164558,-1.23418,0
0.0493671,-1.23418,0
0.0822785,-1.23418,0
0.11519,-1.23418,0
0.148101,-1.23418,0
0.181013,-1.23418,0
0.213924,-1.23418,0
0.246835,-1.23418,0
0.279747,-1.23418,0
0.312658,-1.23418,0
0.34557,-1.23418,0
0.378481,-1.23418,0
0.411392,-1.23418,0
0.444304,-1.23418,0
0.477215,-1.23418,0
0.510127,-1.23418,0
0.543038,-1.23418,0
0.575949,-1.23418,0
0.608861,-1.23418,0
0.641772,-1.23418,0
0.674684,-1.23418,0
0.707595,-1.23418,0
0.740506,-1.23418,0
0.773418,-1.23418,0
0.806329,-1.23418,0
0.839241,-1.23418,0
0.872152,-1.23418,0
0.905063,-1.23418,0
0.937975,-1.23418,0
0.970886,-1.23418,0
1.0038,-1.23418,0
1.03671,-1.23418,0
1.06962,-1.23418,0
1.10253,-1.23418,0
1.13544,-1.23418,0
1.16835,-1.23418,0
1.20127,-1.23418,0
1.23418,-1.23418,0
1.26709,-1.23418,0
1.3,-1.23418,0
-1.3,-1.20127,2
-1.26709,-1.20127,0
-1.23418,-1.20127,0
-1.20127,-1.20127,0
-1.16835,-1.20127,0
-1.13544,-1.20127,0
-1.10253,-1.20127,0
-1.06962,-1.20127,0
-1.03671,-1.20127,0
-1.0038,-1.20127,0
-0.970886,-1.20127,0
-0.937975,-1.20127,0
-0.905063,-1.20127,0
-0.872152,-1.20127,0
-0.83924,-1.20127,0
-0.806329,-1.20127,0
-0.773418,-1.20127,0
-0.740506,-1.20127,0
-0.707595,-1.20127,0
-0.674684,-1.20127,0
-0.641772,-1.20127,0
-0.608861,-1.20127,0
-0.575949,-1.20127,0
-0.543038,-1.20127,0
-0.510127,-1.20127,0
-0.477215,-1.20127,0
-0.444304,-1.20127,0
-0.411392,-1.20127,0
-0.378481,-1.20127,0
-0.34557,-1.20127,0
-0.312658,-1.20127,0
-0.279747,-1.20127,0
-0.246835,-1.20127,0
-0.213924,-1.20127,0
-0.181013,-1.20127,0
-0.148101,-1.20127,0
-0.11519,-1.20127,0
-0.0822785,-1.20127,0
-0.0493671,-1.20127,0
-0.0164558,-1.20127,0
0.0164558,-1.20127,0
0.0493671,-1.20127,0
0.0822785,-1.20127,0
0.11519,-1.20127,0
0.148101,-1.20127,0
0.181013,-1.20127,0
0.213924,-1.20127,0
0.246835,-1.20127,0
0.279747,-1.20127,0
0.312658,-1.20127,0
0.34557,-1.20127,0
0.378481,-1.20127,0
0.411392,-1.20127,0
0.444304,-1.20127,0
0.477215,-1.20127,0
0.510127,-1.20127,0
0.543038,-1.20127,0
0.575949,-1.20127,0
0.608861,-1.20127,0
0.641772,-1.20127,0
0.674684,-1.20127,0
0.707595,-1.20127,0
0.740506,-1.20127,0
0.773418,-1.20127,0
0.806329,-1.20127,0
0.839241,-1.20127,0
0.872152,-1.20127,0
0.905063,-1.20127,0
0.937975,-1.20127,0
0.970886,-1.20127,0
1.0038,-1.20127,0
1.03671,-1.20127,0
1.06962,-1.20127,0
1.10253,-1.20127,0
1.13544,-1.20127,0
1.16835,-1.20127,0
1.20127,-1.20127,0
1.23418,-1.20127,0
1.26709,-1.20127,0
1.3,-1.20127,0
-1.3,-1.16835,2
-1.26709,-1.16835,2
-1.23418,-1.16835,2
-1.20127,-1.16835,0
-1.16835,-1.16835,0
-1.13544,-1.16835,0
-1.10253,-1.16835,0
-1.06962,-1.16835,0
-1.03671,-1.16835,0
-1.0038,-1.16835,0
-0.970886,-1.16835,0
-0.937975,-1.16835,0
-0.905063,-1.16835,0
-0.872152,-1.16835,0
-0.83924,-1.16835,0
-0.806329,-1.16835,0
-0.773418,-1.16835,0
-0.740506,-1.16835,0
-0.707595,-1.16835,0
-0.674684,-1.16835,0
-0.641772,-1.16835,0
-0.608861,-1.16835,0
-0.575949,-1.16835,0
-0.543038,-1.16835,0
-0.510127,-1.16835,0
-0.477215,-1.16835,0
-0.444304,-1.16835,0
-0.411392,-1.16835,0
-0.378481,-1.16835,0
-0.34557,-1.16835,0
-0.312658,-1.16835,0
-0.279747,-1.16835,0
-0.246835,-1.16835,0
-0.213924,-1.16835,0
-0.181013,-1.16835,0
-0.148101,-1.16835,0
-0.11519,-1.16835,0
-0.0822785,-1.16835,0
-0.0493671,-1.16835,0
-0.0164558,-1.16835,0
0.0164558,-1.16835,0
0.0493671,-1.16835,0
0.0822785,-1.16835,0
0.11519,-1.16835,0
0.148101,-1.16835,0
0.181013,-1.16835,0
0.213924,-1.16835,0
0.246835,-1.16835,0
0.279747,-1.16835,0
0.312658,-1.16835,0
0.34557,-1.16835,0
0.378481,-1.16835,0
0.411392,-1.16835,0
0.444304,-1.16835,0
0.477215,-1.16835,0
0.510127,-1.16835,0
0.543038,-1.16835,0
0.575949,-1.16835,0
0.608861,-1.16835,0
0.641772,-1.16835,0
0.674684,-1.16835,0
0.707595,-1.16835,0
0.740506,-1.16835,0
0.773418,-1.16835,0
0.806329,-1.16835,0
0.839241,-1.16835,0
0.872152,-1.16835,0
0.905063,-1.16835,0
0.937975,-1.16835,0
0.970886,-1.16835,0
1.0038,-1.16835,0
1.03671,-1.16835,0
1.06962,-1.16835,0
1.10253,-1.16835,0
1.13544,-1.16835,0
1.16835,-1.16835,0
1.20127,-1.16835,0
1.23418,-1.16835,0
1.26709,-1.16835,0
1.3,-1.16835,0
-1.3,-1.13544,2
-1.26709,-1.13544,2
-1.23418,-1.13544,2
-1.20127,-1.13544,2
-1.16835,-1.13544,2
-1.13544,-1.13544,0
-1.10253,-1.13544,0
-1.06962,-1.13544,0
-1.03671,-1.13544,0
-1.0038,-1.13544,0
-0.970886,-1.13544,0
-0.937975,-1.13544,0
-0.905063,-1.13544,0
-0.872152,-1.13544,0
-0.83924,-1.13544,0
-0.806329,-1.13544,0
-0.773418,-1.13544,0
-0.740506,-1.13544,0
-0.707595,-1.13544,0
-0.674684,-1.13544,0
-0.641772,-1.13544,0
-0.608861,-1.13544,0
-0.575949,-1.13544,0
-0.543038,-1.13544,0
-0.510127,-1.13544,0
-0.477215,-1.13544,0
-0.444304,-1.13544,0
-0.411392,-1.13544,0
-0.378481,-1.13544,0
-0.34557,-1.13544,0
-0.312658,-1.13544,0
-0.279747,-1.13544,0
-0.246835,-1.13544,0
-0.213924,-1.13544,0
-0.181013,-1.13544,0
-0.148101,-1.13544,0
-0.11519,-1.13544,0
-0.0822785,-1.13544,0
-0.0493671,-1.13544,0
-0.0164558,-1.13544,0
0.0164558,-1.13544,0
0.0493671,-1.13544,0
0.0822785,-1.13544,0
0.11519,-1.13544,0
0.148101,-1.13544,0
0.181013,-1.13544,0
0.213924,-1.13544,0
0.246835,-1.13544,0
0.279747,-1.13544,0
0.312658,-1.13544,0
0.34557,-1.13544,0
0.378481,-1.13544,0
0.411392,-1.13544,0
0.444304,-1.13544,0
0.477215,-1.13544,0
0.510127,-1.13544,0
0.543038,-1.13544,0
0.575949,-1.13544,0
0.608861,-1.13544,0
0.641772,-1.13544,0
0.674684,-1.13544,0
0.707595,-1.13544,0
0.740506,-1.13544,0
0.773418,-1.13544,0
0.806329,-1.13544,0
0.839241,-1.13544,0
0.872152,-1.13544,0
0.905063,-1.13544,0
0.937975,-1.13544,0
0.970886,-1.13544,0
1.0038,-1.13544,0
1.03671,-1.13544,0
1.06962,-1.13544,0
1.10253,-1.13544,0
1.13544,-1.13544,0
1.16835,-1.13544,0
1.20127,-1.13544,0
1.23418,-1.13544,0
1.26709,-1.13544,0
1.3,-1.13544,0
-1.3,-1.10253,2
-1.26709,-1.10253,2
-1.23418,-1.10253,2
-1.20127,-1.10253,2
-1.16835,-1.10253,2
-1.13544,-1.10253,2
-1.10253,-1.10253,0
-1.06962,-1.10253,0
-1.03671,-1.10253,0
-1.0038,-1.10253,0
-0.970886,-1.10253,0
-0.937975,-1.10253,0
-0.905063,-1.10253,0
-0.872152,-1.10253,0
-0.83924,-1.10253,0
-0.806329,-1.10253,0
-0.773418,-1.10253,0
-0.740506,-1.10253,0
-0.707595,-1.10253,0
-0.674684,-1.10253,0
-0.641772,-1.10253,0
-0.608861,-1.10253,0
-0.575949,-1.10253,0
-0.543038,-1.10253,0
-0.510127,-1.10253,0
-0.477215,-1.10253,0
-0.444304,-1.10253,0
-0.411392,-1.10253,0
-0.378481,-1.10253,0
-0.34557,-1.10253,0
-0.312658,-1.10253,0
-0.279747,-1.10253,0
-0.246835,-1.10253,0
-0.213924,-1.10253,0
-0.181013,-1.10253,0
-0.148101,-1.10253,0
-0.11519,-1.10253,0
-0.0822785,-1.10253,0
-0.0493671,-1.10253,0
-0.0164558,-1.10253,0
0.0164558,-1.10253,0
0.0493671,-1.10253,0
0.0822785,-1.10253,0
0.11519,-1.10253,0
0.148101,-1.10253,0
0.181013,-1.10253,0
0.213924,-1.10253,0
0.246835,-1.10253,0
0.279747,-1.10253,0
0.312658,-1.10253,0
0.34557,-1.10253,0
0.378481,-1.10253,0
0.411392,-1.10253,0
0.444304,-1.10253,0
0.477215,-1.10253,0
0.510127,-1.10253,0
0.543038,-1.10253,0
0.575949,-1.10253,0
0.608861,-1.10253,0
0.641772,-1.10253,0
0.674684,-1.10253,0
0.707595,-1.10253,0
0.740506,-1.10253,0
0.773418,-1.10253,0
0.806329,-1.10253,0
0.839241,-1.10253,0
0.872152,-1.10253,0
0.905063,-1.10253,0
0.937975,-1.10253,0
0.970886,-1.10253,0
1.0038,-1.10253,0
1.03671,-1.10253,0
1.06962,-1.10253,0
1.10253,-1.10253,0
1.13544,-1.10253,0
1.16835,-1.10253,0
1.20127,-1.10253,0
1.23418,-1.10253,0
1.26709,-1.10253,0
1.3,-1.10253,0
-1.3,-1.06962,2
-1.26709,-1.06962,2
-1.23418,-1.06962,2
-1.20127,-1.06962,2
-1.16835,-1.06962,2
-1.13544,-1.06962,2
-1.10253,-1.06962,2
-1.06962,-1.06962,2
-1.03671,-1.06962,0
-1.0038,-1.06962,0
-0.970886,-1.06962,0
-0.937975,-1.06962,0
-0.905063,-1.06962,0
-0.872152,-1.06962,0
-0.83924,-1.06962,0
-0.806329,-1.06962,0
-0.773418,-1.06962,0
-0.740506,-1.06962,0
-0.707595,-1.06962,0
-0.674684,-1.06962,0
-0.641772,-1.06962,0
-0.608861,-1.06962,0
-0.575949,-1.06962,0
-0.543038,-1.06962,0
-0.510127,-1.06962,0
-0.477215,-1.06962,0
-0.444304,-1.06962,0
-0.411392,-1.06962,0
-0.378481,-1.06962,0
-0.34557,-1.06962,0
-0.312658,-1.06962,0
-0.279747,-1.06962,0
-0.246835,-1.06962,0
-0.213924,-1.06962,0
-0.181013,-1.06962,0
-0.148101,-1.06962,0
-0.11519,-1.06962,0
-0.0822785,-1.06962,0
-0.0493671,-1.06962,0
-0.0164558,-1.06962,0
0.0164558,-1.06962,0
0.0493671,-1.06962,0
0.0822785,-1.06962,0
0.11519,-1.06962,0
0.148101,-1.06962,0
0.181013,-1.06962,0
0.213924,-1.06962,0
0.246835,-1.06962,0
0.279747,-1.06962,0
0.312658,-1.06962,0
0.34557,-1.06962,0
0.378481,-1.06962,0
0.411392,-1.06962,0
0.444304,-1.06962,0
0.477215,-1.06962,0
0.510127,-1.06962,0
0.543038,-1.06962,0
0.575949,-1.06962,0
0.608861,-1.06962,0
0.641772,-1.06962,0
0.674684,-1.06962,0
0.707595,-1.06962,0
0.740506,-1.06962,0
0.773418,-1.06962,0
0.806329,-1.06962,0
0.839241,-1.06962,0
0.872152,-1.06962,0
0.905063,-1.06962,0
0.937975,-1.06962,0
0.970886,-1.06962,0
1.0038,-1.06962,0
1.03671,-1.06962,0
1.06962,-1.06962,0
1.10253,-1.06962,0
1.13544,-1.06962,0
1.16835,-1.06962,0
1.20127,-1.06962,0
1.23418,-1.06962,0
1.26709,-1.06962,0
1.3,-1.06962,0
-1.3,-1.03671,2
-1.26709,-1.03671,2
-1.23418,-1.03671,2
-1.20127,-1.03671,2
-1.16835,-1.03671,2
-1.13544,-1.03671,2
-1.10253,-1.03671,2
-1.06962,-1.03671,2
-1.03671,-1.03671,2
-1.0038,-1.03671,2
-0.970886,-1.03671,0
-0.937975,-1.03671,0
-0.905063,-1.03671,0
-0.872152,-1.03671,0
-0.83924,-1.03671,0
-0.806329,-1.03671,0
-0.773418,-1.03671,0
-0.740506,-1.03671,0
-0.707595,-1.03671,0
-0.674684,-1.03671,0
-0.641772,-1.03671,0
-0.608861,-1.03671,0
-0.575949,-1.03671,0
-0.543038,-1.03671,0
-0.510127,-1.03671,0
-0.477215,-1.03671,0
-0.444304,-1.03671,0
-0.411392,-1.03671,0
-0.378481,-1.03671,0
-0.34557,-1.03671,0
-0.312658,-1.03671,0
-0.279747,-1.03671,0
-0.246835,-1.03671,0
-0.213924,-1.03671,0
-0.181013,-1.03671,0
-0.148101,-1.03671,0
-0.11519,-1.03671,0
-0.0822785,-1.03671,0
-0.0493671,-1.03671,0
-0.0164558,-1.03671,0
0.0164558,-1.03671,0
0.0493671,-1.03671,0
0.0822785,-1.03671,0
0.11519,-1.03671,0
0.148101,-1.03671,0
0.181013,-1.03671,0
0.213924,-1.03671,0
0.246835,-1.03671,0
0.279747,-1.03671,0
0.312658,-1.03671,0
0.34557,-1.03671,0
0.378481,-1.03671,0
0.411392,-1.03671,0
0.444304,-1.03671,0
0.477215,-1.03671,0
0.510127,-1.03671,0
0.543038,-1.03671,0
0.575949,-1.03671,0
0.608861,-1.03671,0
0.641772,-1.03671,0
0.674684,-1.03671,0
0.707595,-1.03671,0
0.740506,-1.03671,0
0.773418,-1.03671,0
0.806329,-1.03671,0
0.839241,-1.03671,0
0.872152,-1.03671,0
0.905063,-1.03671,0
0.937975,-1.03671,0
0.970886,-1.03671,0
1.0038,-1.03671,0
1.03671,-1.03671,0
1.06962,-1.03671,0
1.10253,-1.03671,0
1.13544,-1.03671,0
1.16835,-1.03671,0
1.20127,-1.03671,0
1.23418,-1.03671,0
1.26709,-1.03671,0
1.3,-1.03671,0
-1.3,-1.0038,2
-1.26709,-1.0038,2
-1.23418,-1.0038,2
-1.20127,-1.0038,2
-1.16835,-1.0038,2
-1.13544,-1.0038,2
-1.10253,-1.0038,2
-1.06962,-1.0038,2
-1.03671,-1.0038,2
-1.0038,-1.0038,2
-0.970886,-1.0038,2
-0.937975,-1.0038,0
-0.905063,-1.0038,0
-0.872152,-1.0038,0
-0.83924,-1.0038,0
-0.806329,-1.0038,0
-0.773418,-1.0038,0
-0.740506,-1.0038,0
-0.707595,-1.0038,0
-0.674684,-1.0038,0
-0.641772,-1.0038,0
-0.608861,-1.0038,0
-0.575949,-1.0038,0
-0.543038,-1.0038,0
-0.510127,-1.0038,0
-0.477215,-1.0038,0
-0.444304,-1.0038,0
-0.411392,-1.0038,0
-0.378481,-1.0038,0
-0.34557,-1.0038,0
-0.312658,-1.0038,0
-0.279747,-1.0038,0
-0.246835,-1.0038,0
-0.213924,-1.0038,0
-0.181013,-1.0038,0
-0.148101,-1.0038,0
-0.11519,-1.0038,0
-0.0822785,-1.0038,0
-0.0493671,-1.0038,0
-0.0164558,-1.0038,0
0.0164558,-1.0038,0
0.0493671,-1.0038,0
0.0822785,-1.0038,0
0.11519,-1.0038,0
0.148101,-1.0038,0
0.181013,-1.0038,0
0.213924,-1.0038,0
0.246835,-1.0038,0
0.279747,-1.0038,0
0.312658,-1.0038,0
0.34557,-1.0038,0
0.378481,-1.0038,0
0.411392,-1.0038,0
0.444304,-1.0038,0
0.477215,-1.0038,0
0.510127,-1.0038,0
0.543038,-1.0038,0
0.575949,-1.0038,0
0.608861,-1.0038,0
0.641772,-1.0038,0
0.674684,-1.0038,0
0.707595,-1.0038,0
0.740506,-1.0038,0
0.773418,-1.0038,0
0.806329,-1.0038,0
0.839241,-1.0038,0
0.872152,-1.0038,0
0.905063,-1.0038,0
0.937975,-1.0038,0
0.970886,-1.0038,0
1.0038,-1.0038,0
1.03671,-1.0038,0
1.06962,-1.0038,0
1.10253,-1.0038,0
1.13544,-1.0038,0
1.16835,-1.0038,0
1.20127,-1.0038,0
1.23418,-1.0038,0
1.26709,-1.0038,0
1.3,-1.0038,0
-1.3,-0.970886,2
-1.26709,-0.970886,2
-1.23418,-0.970886,2
-1.20127,-0.970886,2
-1.16835,-0.970886,2
-1.13544,-0.970886,2
-1.10253,-0.970886,2
-1.06962,-0.970886,2
-1.03671,-0.970886,2
-1.0038,-0.970886,2
-0.970886,-0.970886,2
-0.937975,-0.970886,2
-0.905063,-0.970886,2
-0.872152,-0.970886,0
-0.83924,-0.970886,0
-0.806329,-0.970886,0
-0.773418,-0.970886,0
-0.740506,-0.970886,0
-0.707595,-0.970886,0
-0.674684,-0.970886,0
-0.641772,-0.970886,0
-0.608861,-0.970886,0
-0.575949,-0.970886,0
-0.543038,-0.970886,0
-0.510127,-0.970886,0
-0.477215,-0.970886,0
-0.444304,-0.970886,0
-0.411392,-0.970886,0
-0.378481,-0.970886,0
-0.34557,-0.970886,0
-0.312658,-0.970886,0
-0.279747,-0.970886,0
-0.246835,-0.970886,0
-0.213924,-0.970886,0
-0.181013,-0.970886,0
-0.148101,-0.970886,0
-0.11519,-0.970886,0
-0.0822785,-0.970886,0
-0.0493671,-0.970886,0
-0.0164558,-0.970886,0
0.0164558,-0.970886,0
0.0493671,-0.970886,0
0.0822785,-0.970886,0
0.11519,-0.970886,0
0.148101,-0.970886,0
0.181013,-0.970886,0
0.213924,-0.970886,0
0.246835,-0.970886,0
0.279747,-0.970886,0
0.312658,-0.970886,0
0.34557,-0.970886,0
0.378481,-0.970886,0
0.411392,-0.970886,0
0.444304,-0.970886,0
0.477215,-0.970886,0
0.510127,-0.970886,0
0.543038,-0.970886,0
0.575949,-0.970886,0
0.608861,-0.970886,0
0.641772,-0.970886,0
0.674684,-0.970886,0
0.707595,-0.970886,0
0.740506,-0.970886,0
0.773418,-0.970886,0
0.806329,-0.970886,0
0.839241,-0.970886,0
0.872152,-0.970886,0
0.905063,-0.970886,0
0.937975,-0.970886,0
0.970886,-0.970886,0
1.0038,-0.970886,0
1.03671,-0.970886,0
1.06962,-0.970886,0
1.10253,-0.970886,0
1.13544,-0.970886,0
1.16835,-0.970886,0
1.20127,-0.970886,0
1.23418,-0.970886,0
1.26709,-0.970886,0
1.3,-0.970886,0
-1.3,-0.937975,2
-1.26709,-0.937975,2
-1.23418,-0.937975,2
-1.20127,-0.937975,2
-1.16835,-0.937975,2
-1.13544,-0.937975,2
-1.10253,-0.937975,2
-1.06962,-0.937975,2
-1.03671,-0.937975,2
-1.0038,-0.937975,2
-0.970886,-0.937975,2
-0.937975,-0.937975,2
-0.905063,-0.937975,2
-0.872152,-0.937975,2
-0.83924,-0.937975,0
-0.806329,-0.937975,0
-0.773418,-0.937975,0
-0.740506,-0.937975,0
-0.707595,-0.937975,0
-0.674684,-0.937975,0
-0.641772,-0.937975,0
-0.608861,-0.937975,0
-0.575949,-0.937975,0
-0.543038,-0.937975,0
-0.510127,-0.937975,0
-0.477215,-0.937975,0
-0.444304,-0.937975,0
-0.411392,-0.937975,0
-0.378481,-0.937975,0
-0.34557,-0.937975,0
-0.312658,-0.937975,0
-0.279747,-0.937975,0
-0.246835,-0.937975,0
-0.213924,-0.937975,0
-0.181013,-0.937975,0
-0.148101,-0.937975,0
-0.11519,-0.937975,0
-0.0822785,-0.937975,0
-0.0493671,-0.937975,0
-0.0164558,-0.937975,0
0.0164558,-0.937975,0
0.0493671,-0.937975,0
0.0822785,-0.937975,0
0.11519,-0.937975,0
0.148101,-0.937975,0
0.181013,-0.937975,0
0.213924,-0.937975,0
0.246835,-0.937975,0
0.279747,-0.937975,0
0.312658,-0.937975,0
0.34557,-0.937975,0
0.378481,-0.937975,0
0.411392,-0.937975,0
0.444304,-0.937975,0
0.477215,-0.937975,0
0.510127,-0.937975,0
0.543038,-0.937975,0
0.575949,-0.937975,0
0.608861,-0.937975,0
0.641772,-0.937975,0
0.674684,-0.937975,0
0.707595,-0.937975,0
0.740506,-0.937975,0
0.773418,-0.937975,0
0.806329,-0.937975,0
0.839241,-0.937975,0
0.872152,-0.937975,0
0.905063,-0.937975,0
0.937975,-0.937975,0
0.970886,-0.937975,0
1.0038,-0.937975,0
1.03671,-0.937975,0
1.06962,-0.937975,0
1.10253,-0.937975,0
1.13544,-0.937975,0
1.16835,-0.937975,0
1.20127,-0.937975,0
1.23418,-0.937975,0
1.26709,-0.937975,0
1.3,-0.937975,0
-1.3,-0.905063,2
-1.26709,-0.905063,2
-1.23418,-0.905063,2
-1.20127,-0.905063,2
-1.16835,-0.905063,2
-1.13544,-0.905063,2
-1.10253,-0.905063,2
-1.06962,-0.905063,2
-1.03671,-0.905063,2
-1.0038,-0.905063,2
-0.970886,-0.905063,2
-0.937975,-0.905063,2
-0.905063,-0.905063,2
-0.872152,-0.905063,2
-0.83924,-0.905063,2
-0.806329,-0.905063,2
-0.773418,-0.905063,0
-0.740506,-0.905063,0
-0.707595,-0.905063,0
-0.674684,-0.905063,0
-0.641772,-0.905063,0
-0.608861,-0.905063,0
-0.575949,-0.905063,0
-0.543038,-0.905063,0
-0.510127,-0.905063,0
-0.477215,-0.905063,0
-0.444304,-0.905063,0
-0.411392,-0.905063,0
-0.378481,-0.905063,0
-0.34557,-0.905063,0
-0.312658,-0.905063,0
-0.279747,-0.905063,0
-0.246835,-0.905063,0
-0.213924,-0.905063,0
-0.181013,-0.905063,0
-0.148101,-0.905063,0
-0.11519,-0.905063,0
-0.0822785,-0.905063,0
-0.0493671,-0.905063,0
-0.0164558,-0.905063,0
0.0164558,-0.905063,0
0.0493671,-0.905063,0
0.0822785,-0.905063,0
0.11519,-0.905063,0
0.148101,-0.905063,0
0.181013,-0.905063,0
0.213924,-0.905063,0
0.246835,-0.905063,0
0.279747,-0.905063,0
0.312658,-0.905063,0
0.34557,-0.905063,0
0.378481,-0.905063,0
0.411392,-0.905063,0
0.444304,-0.905063,0
0.477215,-0.905063,0
0.510127,-0.905063,0
0.543038,-0.905063,0
0.575949,-0.905063,0
0.608861,-0.905063,0
0.641772,-0.905063,0
0.674684,-0.905063,0
0.707595,-0.905063,0
0.740506,-0.905063,0
0.773418,-0.905063,0
0.806329,-0.905063,0
0.839241,-0.905063,0
0.872152,-0.905063,0
0.905063,-0.905063,0
0.937975,-0.905063,0
0.970886,-0.905063,0
1.0038,-0.905063,0
1.03671,-0.905063,0
1.06962,-0.905063,0
1.10253,-0.905063,0
1.13544,-0.905063,0
1.16835,-0.905063,0
1.20127,-0.905063,0
1.23418,-0.905063,0
1.26709,-0.905063,0
1.3,-0.905063,0
-1.3,-0.872152,2
-1.26709,-0.872152,2
-1.23418,-0.872152,2
-1.20127,-0.872152,2
-1.16835,-0.872152,2
-1.13544,-0.872152,2
-1.10253,-0.872152,2
-1.06962,-0.872152,2
-1.03671,-0.872152,2
-1.0038,-0.872152,2
-0.970886,-0.872152,2
-0.937975,-0.872152,2
-0.905063,-0.872152,2
-0.872152,-0.872152,2
-0.83924,-0.872152,2
-0.806329,-0.872152,2
-0.773418,-0.872152,2
-0.740506,-0.872152,2
-0.707595,-0.872152,0
-0.674684,-0.872152,0
-0.641772,-0.872152,0
-0.608861,-0.872152,0
-0.575949,-0.872152,0
-0.543038,-0.872152,0
-0.510127,-0.872152,0
-0.477215,-0.872152,0
-0.444304,-0.872152,0
-0.411392,-0.872152,0
-0.378481,-0.872152,0
-0.34557,-0.872152,0
-0.312658,-0.872152,0
-0.279747,-0.872152,0
-0.246835,-0.872152,0
-0.213924,-0.872152,0
-0.181013,-0.872152,0
-0.148101,-0.872152,0
-0.11519,-0.872152,0
-0.0822785,-0.872152,0
-0.0493671,-0.872152,0
-0.0164558,-0.872152,0
0.0164558,-0.872152,0
0.0493671,-0.872152,0
0.0822785,-0.872152,0
0.11519,-0.872152,0
0.148101,-0.872152,0
0.181013,-0.872152,0
0.213924,-0.872152,0
0.246835,-0.872152,0
0.279747,-0.872152,0
0.312658,-0.872152,0
0.34557,-0.872152,0
0.378481,-0.872152,0
0.411392,-0.872152,0
0.444304,-0.872152,0
0.477215,-0.872152,0
0.510127,-0.872152,0
0.543038,-0.872152,0
0.575949,-0.872152,0
0.608861,-0.872152,0
0.641772,-0.872152,0
0.674684,-0.872152,0
0.707595,-0.872152,0
0.740506,-0.872152,0
0.773418,-0.872152,0
0.806329,-0.872152,0
0.839241,-0.872152,0
0.872152,-0.872152,0
0.905063,-0.872152,0
0.937975,-0.872152,0
0.970886,-0.872152,0
1.0038,-0.872152,0
1.03671,-0.872152,0
1.06962,-0.872152,0
1.10253,-0.872152,0
1.13544,-0.872152,0
1.16835,-0.872152,0
1.20127,-0.872152,0
1.23418,-0.872152,0
1.26709,-0.872152,0
1.3,-0.872152,0
-1.3,-0.83924,2
-1.26709,-0.83924,2
-1.23418,-0.83924,2
-1.20127,-0.83924,2
-1.16835,-0.83924,2
-1.13544,-0.83924,2
-1.10253,-0.83924,2
-1.06962,-0.83924,2
-1.03671,-0.83924,2
-1.0038,-0.83924,2
-0.970886,-0.83924,2
-0.937975,-0.83924,2
-0.905063,-0.83924,2
-0.872152,-0.83924,2
-0.83924,-0.83924,2
-0.806329,-0.83924,2
-0.773418,-0.83924,2
-0.740506,-0.83924,2
-0.707595,-0.83924,2
-0.674684,-0.83924,2
-0.641772,-0.83924,0
-0.608861,-0.83924,0
-0.575949,-0.83924,0
-0.543038,-0.83924,0
-0.510127,-0.83924,0
-0.477215,-0.83924,0
-0.444304,-0.83924,0
-0.411392,-0.83924,0
-0.378481,-0.83924,0
-0.34557,-0.83924,0
-0.312658,-0.83924,0
-0.279747,-0.83924,0
-0.246835,-0.83924,0
-0.213924,-0.83924,0
-0.181013,-0.83924,0
-0.148101,-0.83924,0
-0.11519,-0.83924,0
-0.0822785,-0.83924,0
-0.0493671,-0.83924,0
-0.0164558,-0.83924,0
0.0164558,-0.83924,0
0.0493671,-0.83924,0
0.0822785,-0.83924,0
0.11519,-0.83924,1
0.148101,-0.83924,0
0.181013,-0.83924,0
0.213924,-0.83924,0
0.246835,-0.83924,0
0.279747,-0.83924,0
0.312658,-0.83924,0
0.34557,-0.83924,0
0.378481,-0.83924,0
0.411392,-0.83924,0
0.444304,-0.83924,0
0.477215,-0.83924,0
0.510127,-0.83924,0
0.543038,-0.83924,0
0.575949,-0.83924,0
0.608861,-0.83924,0
0.641772,-0.83924,0
0.674684,-0.83924,0
0.707595,-0.83924,0
0.740506,-0.83924,0
0.773418,-0.83924,0
0.806329,-0.83924,0
0.839241,-0.83924,0
0.872152,-0.83924,0
0.905063,-0.83924,0
0.937975,-0.83924,0
0.970886,-0.83924,0
1.0038,-0.83924,0
1.03671,-0.83924,0
1.06962,-0.83924,0
1.10253,-0.83924,0
1.13544,-0.83924,0
1.16835,-0.83924,0
1.20127,-0.83924,0
1.23418,-0.83924,0
1.26709,-0.83924,0
1.3,-0.83924,0
-1.3,-0.806329,2
-1.26709,-0.806329,2
-1.23418,-0.806329,2
-1.20127,-0.806329,2
-1.16835,-0.806329,2
-1.13544,-0.806329,2
-1.10253,-0.806329,2
-1.06962,-0.806329,2
-1.03671,-0.806329,2
-1.0038,-0.806329,2
-0.970886,-0.806329,2
-0.937975,-0.806329,2
-0.905063,-0.806329,2
-0.872152,-0.806329,2
-0.83924,-0.806329,2
-0.806329,-0.806329,2
-0.773418,-0.806329,2
-0.740506,-0.806329,2
-0.707595,-0.806329,2
-0.674684,-0.806329,2
-0.641772,-0.806329,2
-0.608861,-0.806329,2
-0.575949,-0.806329,0
-0.543038,-0.806329,0
-0.510127,-0.806329,0
-0.477215,-0.806329,0
-0.444304,-0.806329,0
-0.411392,-0.806329,0
-0.378481,-0.806329,0
-0.34557,-0.806329,0
-0.312658,-0.806329,0
-0.279747,-0.806329,0
-0.246835,-0.806329,0
-0.213924,-0.806329,0
-0.181013,-0.806329,0
-0.148101,-0.806329,0
-0.11519,-0.806329,0
-0.0822785,-0.806329,0
-0.0493671,-0.806329,0
-0.0164558,-0.806329,0
0.0164558,-0.806329,0
0.0493671,-0.806329,1
0.0822785,-0.806329,1
0.11519,-0.806329,1
0.148101,-0.806329,1
0.181013,-0.806329,0
0.213924,-0.806329,0
0.246835,-0.806329,0
0.279747,-0.806329,0
0.312658,-0.806329,0
0.34557,-0.806329,0
0.378481,-0.806329,0
0.411392,-0.806329,0
0.444304,-0.806329,0
0.477215,-0.806329,0
0.510127,-0.806329,0
0.543038,-0.806329,0
0.575949,-0.806329,0
0.608861,-0.806329,0
0.641772,-0.806329,0
0.674684,-0.806329,0
0.707595,-0.806329,0
0.740506,-0.806329,0
0.773418,-0.806329,0
0.806329,-0.806329,0
0.839241,-0.806329,0
0.872152,-0.806329,0
0.905063,-0.806329,0
0.937975,-0.806329,0
0.970886,-0.806329,0
1.0038,-0.806329,0
1.03671,-0.806329,0
1.06962,-0.806329,0
1.10253,-0.806329,0
1.13544,-0.806329,0
1.16835,-0.806329,0
1.20127,-0.806329,0
1.23418,-0.806329,0
1.26709,-0.806329,0
1.3,-0.806329,0
-1.3,-0.773418,2
-1.26709,-0.773418,2
-1.23418,-0.773418,2
-1.20127,-0.773418,2
-1.16835,-0.773418,2
-1.13544,-0.773418,2
-1.10253,-0.773418,2
-1.06962,-0.773418,2
-1.03671,-0.773418,2
-1.0038,-0.773418,2
-0.970886,-0.773418,2
-0.937975,-0.773418,2
-0.905063,-0.773418,2
-0.872152,-0.773418,2
-0.83924,-0.773418,2
-0.806329,-0.773418,2
-0.773418,-0.773418,2
-0.740506,-0.773418,2
-0.707595,-0.773418,2
-0.674684,-0.773418,2
-0.641772,-0.773418,2
-0.608861,-0.773418,2
-0.575949,-0.773418,2
-0.543038,-0.773418,0
-0.510127,-0.773418,0
-0.477215,-0.773418,0
-0.444304,-0.773418,0
-0.411392,-0.773418,0
-0.378481,-0.773418,0
-0.34557,-0.773418,0
-0.312658,-0.773418,0
-0.279747,-0.773418,0
-0.246835,-0.773418,0
-0.213924,-0.773418,0
-0.181013,-0.773418,0
-0.148101,-0.773418,0
-0.11519,-0.773418,0
-0.0822785,-0.773418,0
-0.0493671,-0.773418,1
-0.0164558,-0.773418,1
0.0164558,-0.773418,1
0.0493671,-0.773418,1
0.0822785,-0.773418,1
0.11519,-0.773418,1
0.148101,-0.773418,1
0.181013,-0.773418,1
0.213924,-0.773418,1
0.246835,-0.773418,0
0.279747,-0.773418,0
0.312658,-0.773418,0
0.34557,-0.773418,0
0.378481,-0.773418,0
0.411392,-0.773418,0
0.444304,-0.773418,0
0.477215,-0.773418,0
0.510127,-0.773418,0
0.543038,-0.773418,0
0.575949,-0.773418,0
0.608861,-0.773418,0
0.641772,-0.773418,0
0.674684,-0.773418,0
0.707595,-0.773418,0
0.740506,-0.773418,0
0.773418,-0.773418,0
0.806329,-0.773418,0
0.839241,-0.773418,0
0.872152,-0.773418,0
0.905063,-0.773418,0
0.937975,-0.773418,0
0.970886,-0.773418,0
1.0038,-0.773418,0
1.03671,-0.773418,0
1.06962,-0.773418,0
1.10253,-0.773418,0
1.13544,-0.773418,0
1.16835,-0.773418,0
1.20127,-0.773418,0
1.23418,-0.773418,0
1.26709,-0.773418,0
1.3,-0.773418,0
-1.3,-0.740506,2
-1.26709,-0.740506,2
-1.23418,-0.740506,2
-1.20127,-0.740506,2
-1.16835,-0.740506,2
-1.13544,-0.740506,2
-1.10253,-0.740506,2
-1.06962,-0.740506,2
-1.03671,-0.740506,2
-1.0038,-0.740506,2
-0.970886,-0.740506,2
-0.937975,-0.740506,2
-0.905063,-0.740506,2
-0.872152,-0.740506,2
-0.83924,-0.740506,2
-0.806329,-0.740506,2
-0.773418,-0.740506,2
-0.740506,-0.740506,2
-0.707595,-0.740506,2
-0.674684,-0.740506,2
-0.641772,-0.740506,2
-0.608861,-0.740506,2
-0.575949,-0.740506,2
-0.543038,-0.740506,0
-0.510127,-0.740506,0
-0.477215,-0.740506,0
-0.444304,-0.740506,0
-0.411392,-0.740506,0
-0.378481,-0.740506,0
-0.34557,-0.740506,0
-0.312658,-0.740506,0
-0.279747,-0.740506,0
-0.246835,-0.740506,0
-0.213924,-0.740506,0
-0.181013,-0.740506,1
-0.148101,-0.740506,1
-0.11519,-0.740506,1
-0.0822785,-0.740506,1
-0.0493671,-0.740506,1
-0.0164558,-0.740506,1
0.0164558,-0.740506,1
0.0493671,-0.740506,1
0.0822785,-0.740506,1
0.11519,-0.740506,1
0.148101,-0.740506,1
0.181013,-0.740506,1
0.213924,-0.740506,1
0.246835,-0.740506,1
0.279747,-0.740506,1
0.312658,-0.740506,1
0.34557,-0.740506,1
0.378481,-0.740506,0
0.411392,-0.740506,0
0.444304,-0.740506,0
0.477215,-0.740506,0
0.510127,-0.740506,0
0.543038,-0.740506,0
0.575949,-0.740506,0
0.608861,-0.740506,0
0.641772,-0.740506,0
0.674684,-0.740506,0
0.707595,-0.740506,0
0.740506,-0.740506,0
0.773418,-0.740506,0
0.806329,-0.740506,0
0.839241,-0.740506,0
0.872152,-0.740506,0
0.905063,-0.740506,0
0.937975,-0.740506,0
0.970886,-0.740506,0
1.0038,-0.740506,0
1.03671,-0.740506,0
1.06962,-0.740506,0
1.10253,-0.740506,0
1.13544,-0.740506,0
1.16835,-0.740506,0
1.20127,-0.740506,0
1.23418,-0.740506,0
1.26709,-0.740506,0
1.3,-0.740506,0
-1.3,-0.707595,2
-1.26709,-0.707595,2
-1.23418,-0.707595,2
-1.20127,-0.707595,2
-1.16835,-0.707595,2
-1.13544,-0.707595,2
-1.10253,-0.707595,2
-1.06962,-0.707595,2
-1.03671,-0.707595,2
-1.0038,-0.707595,2
-0.970886,-0.707595,2
-0.937975,-0.707595,2
-0.905063,-0.707595,2
-0.872152,-0.707595,2
-0.83924,-0.707595,2
-0.806329,-0.707595,2
-0.773418,-0.707595,2
-0.740506,-0.707595,2
-0.707595,-0.707595,2
-0.674684,-0.707595,2
-0.641772,-0.707595,2
-0.608861,-0.707595,2
-0.575949,-0.707595,2
-0.543038,-0.707595,0
-0.510127,-0.707595,0
-0.477215,-0.707595,0
-0.444304,-0.707595,0
-0.411392,-0.707595,0
-0.378481,-0.707595,0
-0.34557,-0.707595,0
-0.312658,-0.707595,0
-0.279747,-0.707595,0
-0.246835,-0.707595,1
-0.213924,-0.707595,1
-0.181013,-0.707595,1
-0.148101,-0.707595,1
-0.11519,-0.707595,1
-0.0822785,-0.707595,1
-0.0493671,-0.707595,1
-0.0164558,-0.707595,1
0.0164558,-0.707595,1
0.0493671,-0.707595,1
0.0822785,-0.707595,1
0.11519,-0.707595,1
0.148101,-0.707595,1
0.181013,-0.707595,1
0.213924,-0.707595,1
0.246835,-0.707595,1
0.279747,-0.707595,1
0.312658,-0.707595,1
0.34557,-0.707595,1
0.378481,-0.707595,1
0.411392,-0.707595,1
0.444304,-0.707595,1
0.477215,-0.707595,0
0.510127,-0.707595,0
0.543038,-0.707595,0
0.575949,-0.707595,0
0.608861,-0.707595,0
0.641772,-0.707595,0
0.674684,-0.707595,0
0.707595,-0.707595,0
0.740506,-0.707595,0
0.773418,-0.707595,0
0.806329,-0.707595,0
0.839241,-0.707595,0
0.872152,-0.707595,0
0.905063,-0.707595,0
0.937975,-0.707595,0
0.970886,-0.707595,0
1.0038,-0.707595,0
1.03671,-0.707595,0
1.06962,-0.707595,0
1.10253,-0.707595,0
1.13544,-0.707595,0
1.16835,-0.707595,0
1.20127,-0.707595,0
1.23418,-0.707595,0
1.26709,-0.707595,0
1.3,-0.707595,0
-1.3,-0.674684,2
-1.26709,-0.674684,2
-1.23418,-0.674684,2
-1.20127,-0.674684,2
-1.16835,-0.674684,2
-1.13544,-0.674684,2
-1.10253,-0.674684,2
-1.06962,-0.674684,2
-1.03671,-0.674684,2
-1.0038,-0.674684,2
-0.970886,-0.674684,2
-0.937975,-0.674684,2
-0.905063,-0.674684,2
-0.872152,-0.674684,2
-0.83924,-0.674684,2
-0.806329,-0.674684,2
-0.773418,-0.674684,2
-0.740506,-0.674684,2
-0.707595,-0.674684,2
-0.674684,-0.674684,2
-0.641772,-0.674684,2
-0.608861,-0.674684,2
-0.575949,-0.674684,0
-0.543038,-0.674684,0
-0.510127,-0.674684,0
-0.477215,-0.674684,0
-0.444304,-0.674684,0
-0.411392,-0.674684,0
-0.378481,-0.674684,0
-0.34557,-0.674684,0
-0.312658,-0.674684,1
-0.279747,-0.674684,1
-0.246835,-0.674684,1
-0.213924,-0.674684,1
-0.181013,-0.674684,1
-0.148101,-0.674684,1
-0.11519,-0.674684,1
-0.0822785,-0.674684,1
-0.0493671,-0.674684,1
-0.0164558,-0.674684,1
0.0164558,-0.674684,1
0.0493671,-0.674684,1
0.0822785,-0.674684,1
0.11519,-0.674684,1
0.148101,-0.674684,1
0.181013,-0.674684,1
0.213924,-0.674684,1
0.246835,-0.674684,1
0.279747,-0.674684,1
0.312658,-0.674684,1
0.34557,-0.674684,1
0.378481,-0.674684,1
0.411392,-0.674684,1
0.444304,-0.674684,1
0.477215,-0.674684,1
0.510127,-0.674684,1
0.543038,-0.674684,0
0.575949,-0.674684,0
0.608861,-0.674684,0
0.641772,-0.674684,0
0.674684,-0.674684,0
0.707595,-0.674684,0
0.740506,-0.674684,0
0.773418,-0.674684,0
0.806329,-0.674684,0
0.839241,-0.674684,0
0.872152,-0.674684,0
0.905063,-0.674684,0
0.937975,-0.674684,0
0.970886,-0.674684,0
1.0038,-0.674684,0
1.03671,-0.674684,0
1.06962,-0.674684,0
1.10253,-0.674684,0
1.13544,-0.674684,0
1.16835,-0.674684,0
1.20127,-0.674684,0
1.23418,-0.674684,0
1.26709,-0.674684,0
1.3,-0.674684,0
-1.3,-0.641772,2
-1.26709,-0.641772,2
-1.23418,-0.641772,2
-1.20127,-0.641772,2
-1.16835,-0.641772,2
-1.13544,-0.641772,2
-1.10253,-0.641772,2
-1.06962,-0.641772,2
-1.03671,-0.641772,2
-1.0038,-0.641772,2
-0.970886,-0.641772,2
-0.937975,-0.641772,2
-0.905063,-0.641772,2
-0.872152,-0.641772,2
-0.83924,-0.641772,2
-0.806329,-0.641772,2
-0.773418,-0.641772,2
-0.740506,-0.641772,2
-0.707595,-0.641772,2
-0.674684,-0.641772,2
-0.641772,-0.641772,2
-0.608861,-0.641772,0
-0.575949,-0.641772,0
-0.543038,-0.641772,0
-0.510127,-0.641772,0
-0.477215,-0.641772,0
-0.444304,-0.641772,0
-0.411392,-0.641772,0
-0.378481,-0.641772,1
-0.34557,-0.641772,1
-0.312658,-0.641772,1
-0.279747,-0.641772,1
-0.246835,-0.641772,1
-0.213924,-0.641772,1
-0.181013,-0.641772,1
-0.148101,-0.641772,1
-0.11519,-0.641772,1
-0.0822785,-0.641772,1
-0.0493671,-0.641772,1
-0.0164558,-0.641772,1
0.0164558,-0.641772,1
0.0493671,-0.641772,1
0.0822785,-0.641772,1
0.11519,-0.641772,1
0.148101,-0.641772,1
0.181013,-0.641772,1
0.213924,-0.641772,1
0.246835,-0.641772,1
0.279747,-0.641772,1
0.312658,-0.641772,1
0.34557,-0.641772,1
0.378481,-0.641772,1
0.411392,-0.641772,1
0.444304,-0.641772,1
0.477215,-0.641772,1
0.510127,-0.641772,1
0.543038,-0.641772,1
0.575949,-0.641772,0
0.608861,-0.641772,0
0.641772,-0.641772,0
0.674684,-0.641772,0
0.707595,-0.641772,0
0.740506,-0.641772,0
0.773418,-0.641772,0
0.806329,-0.641772,0
0.839241,-0.641772,0
0.872152,-0.641772,0
0.905063,-0.641772,0
0.937975,-0.641772,0
0.970886,-0.641772,0
1.0038,-0.641772,0
1.03671,-0.641772,0
1.06962,-0.641772,0
1.10253,-0.641772,0
1.13544,-0.641772,0
1.16835,-0.641772,0
1.20127,-0.641772,0
1.23418,-0.641772,0
1.26709,-0.641772,0
1.3,-0.641772,0
-1.3,-0.608861,2
-1.26709,-0.608861,2
-1.23418,-0.608861,2
-1.20127,-0.608861,2
-1.16835,-0.608861,2
-1.13544,-0.608861,2
-1.10253,-0.608861,2
-1.06962,-0.608861,2
-1.03671,-0.608861,2
-1.0038,-0.608861,2
-0.970886,-0.608861,2
-0.937975,-0.608861,2
-0.905063,-0.608861,2
-0.872152,-0.608861,2
-0.83924,-0.608861,2
-0.806329,-0.608861,2
-0.773418,-0.608861,2
-0.740506,-0.608861,2
-0.707595,-0.608861,2
-0.674684,-0.608861,2
-0.641772,-0.608861,0
-0.608861,-0.608861,0
-0.575949,-0.608861,0
-0.543038,-0.608861,0
-0.510127,-0.608861,0
-0.477215,-0.608861,0
-0.444304,-0.608861,0
-0.411392,-0.608861,1
-0.378481,-0.608861,1
-0.34557,-0.608861,1
-0.312658,-0.608861,1
-0.279747,-0.608861,1
-0.246835,-0.608861,1
-0.213924,-0.608861,1
-0.181013,-0.608861,1
-0.148101,-0.608861,2
-0.11519,-0.608861,2
-0.0822785,-0.608861,2
-0.0493671,-0.608861,2
-0.0164558,-0.608861,2
0.0164558,-0.608861,2
0.0493671,-0.608861,2
0.0822785,-0.608861,2
0.11519,-0.608861,2
0.148101,-0.608861,2
0.181013,-0.608861,2
0.213924,-0.608861,1
0.246835,-0.608861,1
0.279747,-0.608861,1
0.312658,-0.608861,1
0.34557,-0.608861,1
0.378481,-0.608861,1
0.411392,-0.608861,1
0.444304,-0.608861,1
0.477215,-0.608861,1
0.510127,-0.608861,1
0.543038,-0.608861,1
0.575949,-0.608861,1
0.608861,-0.608861,0
0.641772,-0.608861,0
0.674684,-0.608861,0
0.707595,-0.608861,0
0.740506,-0.608861,0
0.773418,-0.608861,0
0.806329,-0.608861,0
0.839241,-0.608861,0
0.872152,-0.608861,0
0.905063,-0.608861,0
0.937975,-0.608861,0
0.970886,-0.608861,0
1.0038,-0.608861,0
1.03671,-0.608861,0
1.06962,-0.608861,0
1.10253,-0.608861,0
1.13544,-0.608861,0
1.16835,-0.608861,0
1.20127,-0.608861,0
1.23418,-0.608861,0
1.26709,-0.608861,0
1.3,-0.608861,0
-1.3,-0.575949,2
-1.26709,-0.575949,2
-1.23418,-0.575949,2
-1.20127,-0.575949,2
-1.16835,-0.575949,2
-1.13544,-0.575949,2
-1.10253,-0.575949,2
-1.06962,-0.575949,2
-1.03671,-0.575949,2
-1.0038,-0.575949,2
-0.970886,-0.575949,2
-0.937975,-0.575949,2
-0.905063,-0.575949,2
-0.872152,-0.575949,2
-0.83924,-0.575949,2
-0.806329,-0.575949,2
-0.773418,-0.575949,2
-0.740506,-0.575949,2
-0.707595,-0.575949,2
-0.674684,-0.575949,0
-0.641772,-0.575949,0
-0.608861,-0.575949,0
-0.575949,-0.575949,0
-0.543038,-0.575949,0
-0.510127,-0.575949,0
-0.477215,-0.575949,0
-0.444304,-0.575949,0
-0.411392,-0.575949,1
-0.378481,-0.575949,1
-0.34557,-0.575949,1
-0.312658,-0.575949,1
-0.279747,-0.575949,1
-0.246835,-0.575949,1
-0.213924,-0.575949,1
-0.181013,-0.575949,2
-0.148101,-0.575949,2
-0.11519,-0.575949,2
-0.0822785,-0.575949,2
-0.0493671,-0.575949,2
-0.0164558,-0.575949,2
0.0164558,-0.575949,2
0.0493671,-0.575949,2
0.0822785,-0.575949,2
0.11519,-0.575949,2
0.148101,-0.575949,2
0.181013,-0.575949,2
0.213924,-0.575949,2
0.246835,-0.575949,2
0.279747,-0.575949,2
0.312658,-0.575949,1
0.34557,-0.575949,1
0.378481,-0.575949,1
0.411392,-0.575949,1
0.444304,-0.575949,1
0.477215,-0.575949,1
0.510127,-0.575949,1
0.543038,-0.575949,1
0.575949,-0.575949,1
0.608861,-0.575949,1
0.641772,-0.575949,0
0.674684,-0.575949,0
0.707595,-0.575949,0
0.740506,-0.575949,0
0.773418,-0.575949,0
0.806329,-0.575949,0
0.839241,-0.575949,0
0.872152,-0.575949,0
0.905063,-0.575949,0
0.937975,-0.575949,0
0.970886,-0.575949,0
1.0038,-0.575949,0
1.03671,-0.575949,0
1.06962,-0.575949,0
1.10253,-0.575949,0
1.13544,-0.575949,0
1.16835,-0.575949,0
1.20127,-0.575949,0
1.23418,-0.575949,0
1.26709,-0.575949,0
1.3,-0.575949,0
-1.3,-0.543038,2
-1.26709,-0.543038,2
-1.23418,-0.543038,2
-1.20127,-0.543038,2
-1.16835,-0.543038,2
-1.13544,-0.543038,2
-1.10253,-0.543038,2
-1.06962,-0.543038,2
-1.03671,-0.543038,2
-1.0038,-0.543038,2
-0.970886,-0.543038,2
-0.937975,-0.543038,2
-0.905063,-0.543038,2
-0.872152,-0.543038,2
-0.83924,-0.543038,2
-0.806329,-0.543038,2
-0.773418,-0.543038,2
-0.740506,-0.543038,2
-0.707595,-0.543038,2
-0.674684,-0.543038,0
-0.641772,-0.543038,0
-0.608861,-0.543038,0
-0.575949,-0.543038,0
-0.543038,-0.543038,0
-0.510127,-0.543038,0
-0.477215,-0.543038,0
-0.444304,-0.543038,1
-0.411392,-0.543038,1
-0.378481,-0.543038,1
-0.34557,-0.543038,1
-0.312658,-0.543038,1
-0.279747,-0.543038,1
-0.246835,-0.543038,1
-0.213924,-0.543038,2
-0.181013,-0.543038,2
-0.148101,-0.543038,2
-0.11519,-0.543038,2
-0.0822785,-0.543038,2
-0.0493671,-0.543038,2
-0.0164558,-0.543038,2
0.0164558,-0.543038,2
0.0493671,-0.543038,2
0.0822785,-0.543038,2
0.11519,-0.543038,2
0.148101,-0.543038,2
0.181013,-0.543038,2
0.213924,-0.543038,2
0.246835,-0.543038,2
0.279747,-0.543038,2
0.312658,-0.543038,2
0.34557,-0.543038,2
0.378481,-0.543038,2
0.411392,-0.543038,1
0.444304,-0.543038,1
0.477215,-0.543038,1
0.510127,-0.543038,1
0.543038,-0.543038,1
0.575949,-0.543038,1
0.608861,-0.543038,1
0.641772,-0.543038,1
0.674684,-0.543038,0
0.707595,-0.543038,0
0.740506,-0.543038,0
0.773418,-0.543038,0
0.806329,-0.543038,0
0.839241,-0.543038,0
0.872152,-0.543038,0
0.905063,-0.543038,0
0.937975,-0.543038,0
0.970886,-0.543038,0
1.0038,-0.543038,0
1.03671,-0.543038,0
1.06962,-0.543038,0
1.10253,-0.543038,0
1.13544,-0.543038,0
1.16835,-0.543038,0
1.20127,-0.543038,0
1.23418,-0.543038,0
1.26709,-0.543038,0
1.3,-0.543038,0
-1.3,-0.510127,2
-1.26709,-0.510127,2
-1.23418,-0.510127,2
-1.20127,-0.510127,2
-1.16835,-0.510127,2
-1.13544,-0.510127,2
-1.10253,-0.510127,2
-1.06962,-0.510127,2
-1.03671,-0.510127,2
-1.0038,-0.510127,2
-0.970886,-0.510127,2
-0.937975,-0.510127,2
-0.905063,-0.510127,2
-0.872152,-0.510127,2
-0.83924,-0.510127,2
-0.806329,-0.510127,2
-0.773418,-0.510127,2
-0.740506,-0.510127,2
-0.707595,-0.510127,0
-0.674684,-0.510127,0
-0.641772,-0.510127,0
-0.608861,-0.510127,0
-0.575949,-0.510127,0
-0.543038,-0.510127,0
-0.510127,-0.510127,1
-0.477215,-0.510127,1
-0.444304,-0.510127,1
-0.411392,-0.510127,1
-0.378481,-0.510127,1
-0.34557,-0.510127,1
-0.312658,-0.510127,1
-0.279747,-0.510127,1
-0.246835,-0.510127,2
-0.213924,-0.510127,2
-0.181013,-0.510127,2
-0.148101,-0.510127,2
-0.11519,-0.510127,2
-0.0822785,-0.510127,2
-0.0493671,-0.510127,2
-0.0164558,-0.510127,2
0.0164558,-0.510127,2
0.0493671,-0.510127,2
0.0822785,-0.510127,2
0.11519,-0.510127,2
0.148101,-0.510127,2
0.181013,-0.510127,2
0.213924,-0.510127,2
0.246835,-0.510127,2
0.279747,-0.510127,2
0.312658,-0.510127,2
0.34557,-0.510127,2
0.378481,-0.510127,2
0.411392,-0.510127,2
0.444304,-0.510127,2
0.477215,-0.510127,1
0.510127,-0.510127,1
0.543038,-0.510127,1
0.575949,-0.510127,1
0.608861,-0.510127,1
0.641772,-0.510127,1
0.674684,-0.510127,1
0.707595,-0.510127,0
0.740506,-0.510127,0
0.773418,-0.510127,0
0.806329,-0.510127,0
0.839241,-0.510127,0
0.872152,-0.510127,0
0.905063,-0.510127,0
0.937975,-0.510127,0
0.970886,-0.510127,0
1.0038,-0.510127,0
1.03671,-0.510127,0
1.06962,-0.510127,0
1.10253,-0.510127,0
1.13544,-0.510127,0
1.16835,-0.510127,0
1.20127,-0.510127,0
1.23418,-0.510127,0
1.26709,-0.510127,0
1.3,-0.510127,0
-1.3,-0.477215,2
-1.26709,-0.477215,2
-1.23418,-0.477215,2
-1.20127,-0.477215,2
-1.16835,-0.477215,2
-1.13544,-0.477215,2
-1.10253,-0.477215,2
-1.06962,-0.477215,2
-1.03671,-0.477215,2
-1.0038,-0.477215,2
-0.970886,-0.477215,2
-0.937975,-0.477215,2
-0.905063,-0.477215,2
-0.872152,-0.477215,2
-0.83924,-0.477215,2
-0.806329,-0.477215,2
-0.773418,-0.477215,2
-0.740506,-0.477215,0
-0.707595,-0.477215,0
-0.674684,-0.477215,0
-0.641772,-0.477215,0
-0.608861,-0.477215,0
-0.575949,-0.477215,0
-0.543038,-0.477215,0
-0.510127,-0.477215,1
-0.477215,-0.477215,1
-0.444304,-0.477215,1
-0.411392,-0.477215,1
-0.378481,-0.477215,1
-0.34557,-0.477215,1
-0.312658,-0.477215,1
-0.279747,-0.477215,2
-0.246835,-0.477215,2
-0.213924,-0.477215,2
-0.181013,-0.477215,2
-0.148101,-0.477215,2
-0.11519,-0.477215,2
-0.0822785,-0.477215,2
-0.0493671,-0.477215,2
-0.0164558,-0.477215,2
0.0164558,-0.477215,2
0.0493671,-0.477215,0
0.0822785,-0.477215,0
0.11519,-0.477215,0
0.148101,-0.477215,0
0.181013,-0.477215,0
0.213924,-0.477215,0
0.246835,-0.477215,2
0.279747,-0.477215,2
0.312658,-0.477215,2
0.34557,-0.477215,2
0.378481,-0.477215,2
0.411392,-0.477215,2
0.444304,-0.477215,2
0.477215,-0.477215,2
0.510127,-0.477215,1
0.543038,-0.477215,1
0.575949,-0.477215,1
0.608861,-0.477215,1
0.641772,-0.477215,1
0.674684,-0.477215,1
0.707595,-0.477215,1
0.740506,-0.477215,0
0.773418,-0.477215,0
0.806329,-0.477215,0
0.839241,-0.477215,0
0.872152,-0.477215,0
0.905063,-0.477215,0
0.937975,-0.477215,0
0.970886,-0.477215,0
1.0038,-0.477215,0
1.03671,-0.477215,0
1.06962,-0.477215,0
1.10253,-0.477215,0
1.13544,-0.477215,0
1.16835,-0.477215,0
1.20127,-0.477215,0
1.23418,-0.477215,0
1.26709,-0.477215,0
1.3,-0.477215,0
-1.3,-0.444304,2
-1.26709,-0.444304,2
-1.23418,-0.444304,2
-1.20127,-0.444304,2
-1.16835,-0.444304,2
-1.13544,-0.444304,2
-1.10253,-0.444304,2
-1.06962,-0.444304,2
-1.03671,-0.444304,2
-1.0038,-0.444304,2
-0.970886,-0.444304,2
-0.937975,-0.444304,2
-0.905063,-0.444304,2
-0.872152,-0.444304,2
-0.83924,-0.444304,2
-0.806329,-0.444304,2
-0.773418,-0.444304,2
-0.740506,-0.444304,0
-0.707595,-0.444304,0
-0.674684,-0.444304,0
-0.641772,-0.444304,0
-0.608861,-0.444304,0
-0.575949,-0.444304,0
-0.543038,-0.444304,1
-0.510127,-0.444304,1
-0.477215,-0.444304,1
-0.444304,-0.444304,1
-0.411392,-0.444304,1
-0.378481,-0.444304,1
-0.34557,-0.444304,2
-0.312658,-0.444304,2
-0.279747,-0.444304,2
-0.246835,-0.444304,2
-0.213924,-0.444304,2
-0.181013,-0.444304,2
-0.148101,-0.444304,0
-0.11519,-0.444304,0
-0.0822785,-0.444304,0
-0.0493671,-0.444304,0
-0.0164558,-0.444304,0
0.0164558,-0.444304,0
0.0493671,-0.444304,0
0.0822785,-0.444304,0
0.11519,-0.444304,0
0.148101,-0.444304,0
0.181013,-0.444304,0
0.213924,-0.444304,0
0.246835,-0.444304,0
0.279747,-0.444304,0
0.312658,-0.444304,2
0.34557,-0.444304,2
0.378481,-0.444304,2
0.411392,-0.444304,2
0.444304,-0.444304,2
0.477215,-0.444304,2
0.510127,-0.444304,2
0.543038,-0.444304,1
0.575949,-0.444304,1
0.608861,-0.444304,1
0.641772,-0.444304,1
0.674684,-0.444304,1
0.707595,-0.444304,1
0.740506,-0.444304,1
0.773418,-0.444304,0
0.806329,-0.444304,0
0.839241,-0.444304,0
0.872152,-0.444304,0
0.905063,-0.444304,0
0.937975,-0.444304,0
0.970886,-0.444304,0
1.0038,-0.444304,0
1.03671,-0.444304,0
1.06962,-0.444304,0
1.10253,-0.444304,0
1.13544,-0.444304,0
1.16835,-0.444304,0
1.20127,-0.444304,0
1.23418,-0.444304,0
1.26709,-0.444304,0
1.3,-0.444304,0
-1.3,-0.411392,2
-1.26709,-0.411392,2
-1.23418,-0.411392,2
-1.20127,-0.411392,2
-1.16835,-0.411392,2
-1.13544,-0.411392,2
-1.10253,-0.411392,2
-1.06962,-0.411392,2
-1.03671,-0.411392,2
-1.0038,-0.411392,2
-0.970886,-0.411392,2
-0.937975,-0.411392,2
-0.905063,-0.411392,2
-0.872152,-0.411392,2
-0.83924,-0.411392,2
-0.806329,-0.411392,2
-0.773418,-0.411392,0
-0.740506,-0.411392,0
-0.707595,-0.411392,0
-0.674684,-0.411392,0
-0.641772,-0.411392,0
-0.608861,-0.411392,0
-0.575949,-0.411392,1
-0.543038,-0.411392,1
-0.510127,-0.411392,1
-0.477215,-0.411392,1
-0.444304,-0.411392,1
-0.411392,-0.411392,1
-0.378481,-0.411392,2
-0.34557,-0.411392,2
-0.312658,-0.411392,2
-0.279747,-0.411392,2
-0.246835,-0.411392,2
-0.213924,-0.411392,2
-0.181013,-0.411392,0
-0.148101,-0.411392,0
-0.11519,-0.411392,0
-0.0822785,-0.411392,0
-0.0493671,-0.411392,0
-0.0164558,-0.411392,0
0.0164558,-0.411392,0
0.0493671,-0.411392,0
0.0822785,-0.411392,0
0.11519,-0.411392,0
0.148101,-0.411392,0
0.181013,-0.411392,0
0.213924,-0.411392,0
0.246835,-0.411392,0
0.279747,-0.411392,0
0.312658,-0.411392,0
0.34557,-0.411392,0
0.378481,-0.411392,2
0.411392,-0.411392,2
0.444304,-0.411392,2
0.477215,-0.411392,2
0.510127,-0.411392,2
0.543038,-0.411392,2
0.575949,-0.411392,1
0.608861,-0.411392,1
0.641772,-0.411392,1
0.674684,-0.411392,1
0.707595,-0.411392,1
0.740506,-0.411392,1
0.773418,-0.411392,0
0.806329,-0.411392,0
0.839241,-0.411392,0
0.872152,-0.411392,0
0.905063,-0.411392,0
0.937975,-0.411392,0
0.970886,-0.411392,0
1.0038,-0.411392,0
1.03671,-0.411392,0
1.06962,-0.411392,0
1.10253,-0.411392,0
1.13544,-0.411392,0
1.16835,-0.411392,0
1.20127,-0.411392,0
1.23418,-0.411392,0
1.26709,-0.411392,0
1.3,-0.411392,0
-1.3,-0.378481,2
-1.26709,-0.378481,2
-1.23418,-0.378481,2
-1.20127,-0.378481,2
-1.16835,-0.378481,2
-1.13544,-0.378481,2
-1.10253,-0.378481,2
-1.06962,-0.378481,2
-1.03671,-0.378481,2
-1.0038,-0.378481,2
-0.970886,-0.378481,2
-0.937975,-0.378481,2
-0.905063,-0.378481,2
-0.872152,-0.378481,2
-0.83924,-0.378481,2
-0.806329,-0.378481,2
-0.773418,-0.378481,0
-0.740506,-0.378481,0
-0.707595,-0.378481,0
-0.674684,-0.378481,0
-0.641772,-0.378481,0
-0.608861,-0.378481,0
-0.575949,-0.378481,1
-0.543038,-0.378481,1
-0.510127,-0.378481,1
-0.477215,-0.378481,1
-0.444304,-0.378481,1
-0.411392,-0.378481,2
-0.378481,-0.378481,2
-0.34557,-0.378481,2
-0.312658,-0.378481,2
-0.279747,-0.378481,2
-0.246835,-0.378481,2
-0.213924,-0.378481,0
-0.181013,-0.378481,0
-0.148101,-0.378481,0
-0.11519,-0.378481,0
-0.0822785,-0.378481,0
-0.0493671,-0.378481,0
-0.0164558,-0.378481,0
0.0164558,-0.378481,0
0.0493671,-0.378481,0
0.0822785,-0.378481,0
0.11519,-0.378481,0
0.148101,-0.378481,0
0.181013,-0.378481,0
0.213924,-0.378481,0
0.246835,-0.378481,0
0.279747,-0.378481,0
0.312658,-0.378481,0
0.34557,-0.378481,0
0.378481,-0.378481,0
0.411392,-0.378481,2
0.444304,-0.378481,2
0.477215,-0.378481,2
0.510127,-0.378481,2
0.543038,-0.378481,2
0.575949,-0.378481,2
0.608861,-0.378481,1
0.641772,-0.378481,1
0.674684,-0.378481,1
0.707595,-0.378481,1
0.740506,-0.378481,1
0.773418,-0.378481,1
0.806329,-0.378481,0
0.839241,-0.378481,0
0.872152,-0.378481,0
0.905063,-0.378481,0
0.937975,-0.378481,0
0.970886,-0.378481,0
1.0038,-0.378481,0
1.03671,-0.378481,0
1.06962,-0.378481,0
1.10253,-0.378481,0
1.13544,-0.378481,0
1.16835,-0.378481,0
1.20127,-0.378481,0
1.23418,-0.378481,0
1.26709,-0.378481,0
1.3,-0.378481,0
-1.3,-0.34557,2
-1.26709,-0.34557,2
-1.23418,-0.34557,2
-1.20127,-0.34557,2
-1.16835,-0.34557,2
-1.13544,-0.34557,2
-1.10253,-0.34557,2
-1.06962,-0.34557,2
-1.03671,-0.34557,2
-1.0038,-0.34557,2
-0.970886,-0.34557,2
-0.937975,-0.34557,2
-0.905063,-0.34557,2
-0.872152,-0.34557,2
-0.83924,-0.34557,2
-0.806329,-0.34557,0
-0.773418,-0.34557,0
-0.740506,-0.34557,0
-0.707595,-0.34557,0
-0.674684,-0.34557,0
-0.641772,-0.34557,0
-0.608861,-0.34557,1
-0.575949,-0.34557,1
-0.543038,-0.34557,1
-0.510127,-0.34557,1
-0.477215,-0.34557,1
-0.444304,-0.34557,2
-0.411392,-0.34557,2
-0.378481,-0.34557,2
-0.34557,-0.34557,2
-0.312658,-0.34557,2
-0.279747,-0.34557,2
-0.246835,-0.34557,0
-0.213924,-0.34557,0
-0.181013,-0.34557,0
-0.148101,-0.34557,0
-0.11519,-0.34557,0
-0.0822785,-0.34557,0
-0.0493671,-0.34557,0
-0.0164558,-0.34557,0
0.0164558,-0.34557,0
0.0493671,-0.34557,0
0.0822785,-0.34557,0
0.11519,-0.34557,0
0.148101,-0.34557,0
0.181013,-0.34557,0
0.213924,-0.34557,0
0.246835,-0.34557,0
0.279747,-0.34557,0
0.312658,-0.34557,0
0.34557,-0.34557,0
0.378481,-0.34557,0
0.411392,-0.34557,0
0.444304,-0.34557,2
0.477215,-0.34557,2
0.510127,-0.34557,2
0.543038,-0.34557,2
0.575949,-0.34557,2
0.608861,-0.34557,2
0.641772,-0.34557,1
0.674684,-0.34557,1
0.707595,-0.34557,1
0.740506,-0.34557,1
0.773418,-0.34557,1
0.806329,-0.34557,1
0.839241,-0.34557,0
0.872152,-0.34557,0
0.905063,-0.34557,0
0.937975,-0.34557,0
0.970886,-0.34557,0
1.0038,-0.34557,0
1.03671,-0.34557,0
1.06962,-0.34557,0
1.10253,-0.34557,0
1.13544,-0.34557,0
1.16835,-0.34557,0
1.20127,-0.34557,0
1.23418,-0.34557,0
1.26709,-0.34557,0
1.3,-0.34557,0
-1.3,-0.312658,2
-1.26709,-0.312658,2
-1.23418,-0.312658,2
-1.20127,-0.312658,2
-1.16835,-0.312658,2
-1.13544,-0.312658,2
-1.10253,-0.312658,2
-1.06962,-0.312658,2
-1.03671,-0.312658,2
-1.0038,-0.312658,2
-0.970886,-0.312658,2
-0.937975,-0.312658,2
-0.905063,-0.312658,2
-0.872152,-0.312658,2
-0.83924,-0.312658,2
-0.806329,-0.312658,0
-0.773418,-0.312658,0
-0.740506,-0.312658,0
-0.707595,-0.312658,0
-0.674684,-0.312658,0
-0.641772,-0.312658,0
-0.608861,-0.312658,1
-0.575949,-0.312658,1
-0.543038,-0.312658,1
-0.510127,-0.312658,1
-0.477215,-0.312658,1
-0.444304,-0.312658,2
-0.411392,-0.312658,2
-0.378481,-0.312658,2
-0.34557,-0.312658,2
-0.312658,-0.312658,2
-0.279747,-0.312658,2
-0.246835,-0.312658,0
-0.213924,-0.312658,0
-0.181013,-0.312658,0
-0.148101,-0.312658,0
-0.11519,-0.312658,0
-0.0822785,-0.312658,0
-0.0493671,-0.312658,0
-0.0164558,-0.312658,0
0.0164558,-0.312658,0
0.0493671,-0.312658,0
0.0822785,-0.312658,0
0.11519,-0.312658,0
0.148101,-0.312658,0
0.181013,-0.312658,0
0.213924,-0.312658,0
0.246835,-0.312658,0
0.279747,-0.312658,0
0.312658,-0.312658,0
0.34557,-0.312658,0
0.378481,-0.312658,0
0.411392,-0.312658,0
0.444304,-0.312658,0
0.477215,-0.312658,2
0.510127,-0.312658,2
0.543038,-0.312658,2
0.575949,-0.312658,2
0.608861,-0.312658,2
0.641772,-0.312658,1
0.674684,-0.312658,1
0.707595,-0.312658,1
0.740506,-0.312658,1
0.773418,-0.312658,1
0.806329,-0.312658,1
0.839241,-0.312658,0
0.872152,-0.312658,0
0.905063,-0.312658,0
0.937975,-0.312658,0
0.970886,-0.312658,0
1.0038,-0.312658,0
1.03671,-0.312658,0
1.06962,-0.312658,0
1.10253,-0.312658,0
1.13544,-0.312658,0
1.16835,-0.312658,0
1.20127,-0.312658,0
1.23418,-0.312658,0
1.26709,-0.312658,0
1.3,-0.312658,0
-1.3,-0.279747,2
-1.26709,-0.279747,2
-1.23418,-0.279747,2
-1.20127,-0.279747,2
-1.16835,-0.279747,2
-1.13544,-0.279747,2
-1.10253,-0.279747,2
-1.06962,-0.279747,2
-1.03671,-0.279747,2
-1.0038,-0.279747,2
-0.970886,-0.279747,2
-0.937975,-0.279747,2
-0.905063,-0.279747,2
-0.872152,-0.279747,2
-0.83924,-0.279747,2
-0.806329,-0.279747,0
-0.773418,-0.279747,0
-0.740506,-0.279747,0
-0.707595,-0.279747,0
-0.674684,-0.279747,0
-0.641772,-0.279747,0
-0.608861,-0.279747,1
-0.575949,-0.279747,1
-0.543038,-0.279747,1
-0.510127,-0.279747,1
-0.477215,-0.279747,1
-0.444304,-0.279747,2
-0.411392,-0.279747,2
-0.378481,-0.279747,2
-0.34557,-0.279747,2
-0.312658,-0.279747,2
-0.279747,-0.279747,0
-0.246835,-0.279747,0
-0.213924,-0.279747,0
-0.181013,-0.279747,0
-0.148101,-0.279747,0
-0.11519,-0.279747,0
-0.0822785,-0.279747,0
-0.0493671,-0.279747,0
-0.0164558,-0.279747,0
0.0164558,-0.279747,0
0.0493671,-0.279747,0
0.0822785,-0.279747,0
0.11519,-0.279747,0
0.148101,-0.279747,0
0.181013,-0.279747,0
0.213924,-0.279747,0
0.246835,-0.279747,0
0.279747,-0.279747,0
0.312658,-0.279747,0
0.34557,-0.279747,0
0.378481,-0.279747,0
0.411392,-0.279747,0
0.444304,-0.279747,0
0.477215,-0.279747,0
0.510127,-0.279747,2
0.543038,-0.279747,2
0.575949,-0.279747,2
0.608861,-0.279747,2
0.641772,-0.279747,2
0.674684,-0.279747,1
0.707595,-0.279747,1
0.740506,-0.279747,1
0.773418,-0.279747,1
0.806329,-0.279747,1
0.839241,-0.279747,1
0.872152,-0.279747,0
0.905063,-0.279747,0
0.937975,-0.279747,0
0.970886,-0.279747,0
1.0038,-0.279747,0
1.03671,-0.279747,0
1.06962,-0.279747,0
1.10253,-0.279747,0
1.13544,-0.279747,0
1.16835,-0.279747,0
1.20127,-0.279747,0
1.23418,-0.279747,0
1.26709,-0.279747,0
1.3,-0.279747,0
-1.3,-0.246835,2
-1.26709,-0.246835,2
-1.23418,-0.246835,2
-1.20127,-0.246835,2
-1.16835,-0.246835,2
-1.13544,-0.246835,2
-1.10253,-0.246835,2
-1.06962,-0.246835,2
-1.03671,-0.246835,2
-1.0038,-0.246835,2
-0.970886,-0.246835,2
-0.937975,-0.246835,2
-0.905063,-0.246835,2
-0.872152,-0.246835,2
-0.83924,-0.246835,0
-0.806329,-0.246835,0
-0.773418,-0.246835,0
-0.740506,-0.246835,0
-0.707595,-0.246835,0
-0.674684,-0.246835,0
-0.641772,-0.246835,1
-0.608861,-0.246835,1
-0.575949,-0.246835,1
-0.543038,-0.246835,1
-0.510127,-0.246835,1
-0.477215,-0.246835,2
-0.444304,-0.246835,2
-0.411392,-0.246835,2
-0.378481,-0.246835,2
-0.34557,-0.246835,2
-0.312658,-0.246835,2
-0.279747,-0.246835,0
-0.246835,-0.246835,0
-0.213924,-0.246835,0
-0.181013,-0.246835,0
-0.148101,-0.246835,0
-0.11519,-0.246835,0
-0.0822785,-0.246835,0
-0.0493671,-0.246835,0
-0.0164558,-0.246835,0
0.0164558,-0.246835,0
0.0493671,-0.246835,0
0.0822785,-0.246835,1
0.11519,-0.246835,1
0.148101,-0.246835,1
0.181013,-0.246835,1
0.213924,-0.246835,1
0.246835,-0.246835,1
0.279747,-0.246835,0
0.312658,-0.246835,0
0.34557,-0.246835,0
0.378481,-0.246835,0
0.411392,-0.246835,0
0.444304,-0.246835,0
0.477215,-0.246835,0
0.510127,-0.246835,0
0.543038,-0.246835,2
0.575949,-0.246835,2
0.608861,-0.246835,2
0.641772,-0.246835,2
0.674684,-0.246835,1
0.707595,-0.246835,1
0.740506,-0.246835,1
0.773418,-0.246835,1
0.806329,-0.246835,1
0.839241,-0.246835,1
0.872152,-0.246835,0
0.905063,-0.246835,0
0.937975,-0.246835,0
0.970886,-0.246835,0
1.0038,-0.246835,0
1.03671,-0.246835,0
1.06962,-0.246835,0
1.10253,-0.246835,0
1.13544,-0.246835,0
1.16835,-0.246835,0
1.20127,-0.246835,0
1.23418,-0.246835,0
1.26709,-0.246835,0
1.3,-0.246835,0
-1.3,-0.213924,2
-1.26709,-0.213924,2
-1.23418,-0.213924,2
-1.20127,-0.213924,2
-1.16835,-0.213924,2
-1.13544,-0.213924,2
-1.10253,-0.213924,2
-1.06962,-0.213924,2
-1.03671,-0.213924,2
-1.0038,-0.213924,2
-0.970886,-0.213924,2
-0.937975,-0.213924,2
-0.905063,-0.213924,2
-0.872152,-0.213924,2
-0.83924,-0.213924,0
-0.806329,-0.213924,0
-0.773418,-0.213924,0
-0.740506,-0.213924,0
-0.707595,-0.213924,0
-0.674684,-0.213924,0
-0.641772,-0.213924,1
-0.608861,-0.213924,1
-0.575949,-0.213924,1
-0.543038,-0.213924,1
-0.510127,-0.213924,1
-0.477215,-0.213924,2
-0.444304,-0.213924,2
-0.411392,-0.213924,2
-0.378481,-0.213924,2
-0.34557,-0.213924,2
-0.312658,-0.213924,0
-0.279747,-0.213924,0
-0.246835,-0.213924,0
-0.213924,-0.213924,0
-0.181013,-0.213924,0
-0.148101,-0.213924,1
-0.11519,-0.213924,1
-0.0822785,-0.213924,1
-0.0493671,-0.213924,1
-0.0164558,-0.213924,1
0.0164558,-0.213924,1
0.0493671,-0.213924,1
0.0822785,-0.213924,1
0.11519,-0.213924,1
0.148101,-0.213924,1
0.181013,-0.213924,1
0.213924,-0.213924,1
0.246835,-0.213924,1
0.279747,-0.213924,1
0.312658,-0.213924,1
0.34557,-0.213924,1
0.378481,-0.213924,0
0.411392,-0.213924,0
0.444304,-0.213924,0
0.477215,-0.213924,0
0.510127,-0.213924,0
0.543038,-0.213924,2
0.575949,-0.213924,2
0.608861,-0.213924,2
0.641772,-0.213924,2
0.674684,-0.213924,1
0.707595,-0.213924,1
0.740506,-0.213924,1
0.773418,-0.213924,1
0.806329,-0.213924,1
0.839241,-0.213924,1
0.872152,-0.213924,1
0.905063,-0.213924,0
0.937975,-0.213924,0
0.970886,-0.213924,0
1.0038,-0.213924,0
1.03671,-0.213924,0
1.06962,-0.213924,0
1.10253,-0.213924,0
1.13544,-0.213924,0
1.16835,-0.213924,0
1.20127,-0.213924,0
1.23418,-0.213924,0
1.26709,-0.213924,0
1.3,-0.213924,0
-1.3,-0.181013,2
-1.26709,-0.181013,2
-1.23418,-0.181013,2
-1.20127,-0.181013,2
-1.16835,-0.181013,2
-1.13544,-0.181013,2
-1.10253,-0.181013,2
-1.06962,-0.181013,2
-1.03671,-0.181013,2
-1.0038,-0.181013,2
-0.970886,-0.181013,2
-0.937975,-0.181013,2
-0.905063,-0.181013,2
-0.872152,-0.181013,2
-0.83924,-0.181013,0
-0.806329,-0.181013,0
-0.773418,-0.181013,0
-0.740506,-0.181013,0
-0.707595,-0.181013,0
-0.674684,-0.181013,0
-0.641772,-0.181013,1
-0.608861,-0.181013,1
-0.575949,-0.181013,1
-0.543038,-0.181013,1
-0.510127,-0.181013,1
-0.477215,-0.181013,2
-0.444304,-0.181013,2
-0.411392,-0.181013,2
-0.378481,-0.181013,2
-0.34557,-0.181013,2
-0.312658,-0.181013,0
-0.279747,-0.181013,0
-0.246835,-0.181013,0
-0.213924,-0.181013,0
-0.181013,-0.181013,1
-0.148101,-0.181013,1
-0.11519,-0.181013,1
-0.0822785,-0.181013,1
-0.0493671,-0.181013,1
-0.0164558,-0.181013,1
0.0164558,-0.181013,1
0.0493671,-0.181013,1
0.0822785,-0.181013,1
0.11519,-0.181013,1
0.148101,-0.181013,1
0.181013,-0.181013,1
0.213924,-0.181013,1
0.246835,-0.181013,1
0.279747,-0.181013,1
0.312658,-0.181013,1
0.34557,-0.181013,1
0.378481,-0.181013,1
0.411392,-0.181013,0
0.444304,-0.181013,0
0.477215,-0.181013,0
0.510127,-0.181013,0
0.543038,-0.181013,2
0.575949,-0.181013,2
0.608861,-0.181013,2
0.641772,-0.181013,2
0.674684,-0.181013,2
0.707595,-0.181013,1
0.740506,-0.181013,1
0.773418,-0.181013,1
0.806329,-0.181013,1
0.839241,-0.181013,1
0.872152,-0.181013,1
0.905063,-0.181013,0
0.937975,-0.181013,0
0.970886,-0.181013,0
1.0038,-0.181013,0
1.03671,-0.181013,0
1.06962,-0.181013,0
1.10253,-0.181013,0
1.13544,-0.181013,0
1.16835,-0.181013,0
1.20127,-0.181013,0
1.23418,-0.181013,0
1.26709,-0.181013,0
1.3,-0.181013,0
-1.3,-0.148101,2
-1.26709,-0.148101,2
-1.23418,-0.148101,2
-1.20127,-0.148101,2
-1.16835,-0.148101,2
-1.13544,-0.148101,2
-1.10253,-0.148101,2
-1.06962,-0.148101,2
-1.03671,-0.148101,2
-1.0038,-0.148101,2
-0.970886,-0.148101,2
-0.937975,-0.148101,2
-0.905063,-0.148101,2
-0.872152,-0.148101,2
-0.83924,-0.148101,0
-0.806329,-0.148101,0
-0.773418,-0.148101,0
-0.740506,-0.148101,0
-0.707595,-0.148101,0
-0.674684,-0.148101,1
-0.641772,-0.148101,1
-0.608861,-0.148101,1
-0.575949,-0.148101,1
-0.543038,-0.148101,1
-0.510127,-0.148101,1
-0.477215,-0.148101,2
-0.444304,-0.148101,2
-0.411392,-0.148101,2
-0.378481,-0.148101,2
-0.34557,-0.148101,2
-0.312658,-0.148101,0
-0.279747,-0.148101,0
-0.246835,-0.148101,0
-0.213924,-0.148101,0
-0.181013,-0.148101,1
-0.148101,-0.148101,1
-0.11519,-0.148101,1
-0.0822785,-0.148101,1
-0.0493671,-0.148101,1
-0.0164558,-0.148101,1
0.0164558,-0.148101,1
0.0493671,-0.148101,1
0.0822785,-0.148101,1
0.11519,-0.148101,1
0.148101,-0.148101,1
0.181013,-0.148101,1
0.213924,-0.148101,1
0.246835,-0.148101,1
0.279747,-0.148101,1
0.312658,-0.148101,1
0.34557,-0.148101,1
0.378481,-0.148101,1
0.411392,-0.148101,1
0.444304,-0.148101,0
0.477215,-0.148101,0
0.510127,-0.148101,0
0.543038,-0.148101,0
0.575949,-0.148101,2
0.608861,-0.148101,2
0.641772,-0.148101,2
0.674684,-0.148101,2
0.707595,-0.148101,1
0.740506,-0.148101,1
0.773418,-0.148101,1
0.806329,-0.148101,1
0.839241,-0.148101,1
0.872152,-0.148101,1
0.905063,-0.148101,0
0.937975,-0.148101,0
0.970886,-0.148101,0
1.0038,-0.148101,0
1.03671,-0.148101,0
1.06962,-0.148101,0
1.10253,-0.148101,0
1.13544,-0.148101,0
1.16835,-0.148101,0
1.20127,-0.148101,0
1.23418,-0.148101,0
1.26709,-0.148101,0
1.3,-0.148101,0
-1.3,-0.11519,2
-1.26709,-0.11519,2
-1.23418,-0.11519,2
-1.20127,-0.11519,2
-1.16835,-0.11519,2
-1.13544,-0.11519,2
-1.10253,-0.11519,2
-1.06962,-0.11519,2
-1.03671,-0.11519,2
-1.0038,-0.11519,2
-0.970886,-0.11519,2
-0.937975,-0.11519,2
-0.905063,-0.11519,2
-0.872152,-0.11519,2
-0.83924,-0.11519,0
-0.806329,-0.11519,0
-0.773418,-0.11519,0
-0.740506,-0.11519,0
-0.707595,-0.11519,0
-0.674684,-0.11519,1
-0.641772,-0.11519,1
-0.608861,-0.11519,1
-0.575949,-0.11519,1
-0.543038,-0.11519,1
-0.510127,-0.11519,1
-0.477215,-0.11519,2
-0.444304,-0.11519,2
-0.411392,-0.11519,2
-0.378481,-0.11519,2
-0.34557,-0.11519,0
-0.312658,-0.11519,0
-0.279747,-0.11519,0
-0.246835,-0.11519,0
-0.213924,-0.11519,1
-0.181013,-0.11519,1
-0.148101,-0.11519,1
-0.11519,-0.11519,1
-0.0822785,-0.11519,1
-0.0493671,-0.11519,2
-0.0164558,-0.11519,1
0.0164558,-0.11519,1
0.0493671,-0.11519,1
0.0822785,-0.11519,1
0.11519,-0.11519,1
0.148101,-0.11519,1
0.181013,-0.11519,1
0.213924,-0.11519,1
0.246835,-0.11519,1
0.279747,-0.11519,1
0.312658,-0.11519,1
0.34557,-0.11519,1
0.378481,-0.11519,1
0.411392,-0.11519,1
0.444304,-0.11519,0
0.477215,-0.11519,0
0.510127,-0.11519,0
0.543038,-0.11519,0
0.575949,-0.11519,2
0.608861,-0.11519,2
0.641772,-0.11519,2
0.674684,-0.11519,2
0.707595,-0.11519,1
0.740506,-0.11519,1
0.773418,-0.11519,1
0.806329,-0.11519,1
0.839241,-0.11519,1
0.872152,-0.11519,1
0.905063,-0.11519,1
0.937975,-0.11519,0
0.970886,-0.11519,0
1.0038,-0.11519,0
1.03671,-0.11519,0
1.06962,-0.11519,0
1.10253,-0.11519,0
1.13544,-0.11519,0
1.16835,-0.11519,0
1.20127,-0.11519,0
1.23418,-0.11519,0
1.26709,-0.11519,0
1.3,-0.11519,0
-1.3,-0.0822785,2
-1.26709,-0.0822785,2
-1.23418,-0.0822785,2
-1.20127,-0.0822785,2
-1.16835,-0.0822785,2
-1.13544,-0.0822785,2
-1.10253,-0.0822785,2
-1.06962,-0.0822785,2
-1.03671,-0.0822785,2
-1.0038,-0.0822785,2
-0.970886,-0.0822785,2
-0.937975,-0.0822785,2
-0.905063,-0.0822785,2
-0.872152,-0.0822785,2
-0.83924,-0.0822785,0
-0.806329,-0.0822785,0
-0.773418,-0.0822785,0
-0.740506,-0.0822785,0
-0.707595,-0.0822785,0
-0.674684,-0.0822785,1
-0.641772,-0.0822785,1
-0.608861,-0.0822785,1
-0.575949,-0.0822785,1
-0.543038,-0.0822785,1
-0.510127,-0.0822785,1
-0.477215,-0.0822785,2
-0.444304,-0.0822785,2
-0.411392,-0.0822785,2
-0.378481,-0.0822785,0
-0.34557,-0.0822785,0
-0.312658,-0.0822785,0
-0.279747,-0.0822785,0
-0.246835,-0.0822785,0
-0.213924,-0.0822785,1
-0.181013,-0.0822785,1
-0.148101,-0.0822785,1
-0.11519,-0.0822785,1
-0.0822785,-0.0822785,1
-0.0493671,-0.0822785,2
-0.0164558,-0.0822785,2
0.0164558,-0.0822785,2
0.0493671,-0.0822785,2
0.0822785,-0.0822785,2
0.11519,-0.0822785,2
0.148101,-0.0822785,2
0.181013,-0.0822785,1
0.213924,-0.0822785,1
0.246835,-0.0822785,1
0.279747,-0.0822785,1
0.312658,-0.0822785,1
0.34557,-0.0822785,1
0.378481,-0.0822785,1
0.411392,-0.0822785,1
0.444304,-0.0822785,1
0.477215,-0.0822785,0
0.510127,-0.0822785,0
0.543038,-0.0822785,0
0.575949,-0.0822785,2
0.608861,-0.0822785,2
0.641772,-0.0822785,2
0.674684,-0.0822785,2
0.707595,-0.0822785,2
0.740506,-0.0822785,1
0.773418,-0.0822785,1
0.806329,-0.0822785,1
0.839241,-0.0822785,1
0.872152,-0.0822785,1
0.905063,-0.0822785,1
0.937975,-0.0822785,0
0.970886,-0.0822785,0
1.0038,-0.0822785,0
1.03671,-0.0822785,0
1.06962,-0.0822785,0
1.10253,-0.0822785,0
1.13544,-0.0822785,0
1.16835,-0.0822785,0
1.20127,-0.0822785,0
1.23418,-0.0822785,0
1.26709,-0.0822785,0
1.3,-0.0822785,0
-1.3,-0.0493671,2
-1.26709,-0.0493671,2
-1.23418,-0.0493671,2
-1.20127,-0.0493671,2
-1.16835,-0.0493671,2
-1.13544,-0.0493671,2
-1.10253,-0.0493671,2
-1.06962,-0.0493671,2
-1.03671,-0.0493671,2
-1.0038,-0.0493671,2
-0.970886,-0.0493671,2
-0.937975,-0.0493671,2
-0.905063,-0.0493671,2
-0.872152,-0.0493671,2
-0.83924,-0.0493671,0
-0.806329,-0.0493671,0
-0.773418,-0.0493671,0
-0.740506,-0.0493671,0
-0.707595,-0.0493671,0
-0.674684,-0.0493671,1
-0.641772,-0.0493671,1
-0.608861,-0.0493671,1
-0.575949,-0.0493671,1
-0.543038,-0.0493671,1
-0.510127,-0.0493671,1
-0.477215,-0.0493671,2
-0.444304,-0.0493671,2
-0.411392,-0.0493671,2
-0.378481,-0.0493671,0
-0.34557,-0.0493671,0
-0.312658,-0.0493671,0
-0.279747,-0.0493671,0
-0.246835,-0.0493671,0
-0.213924,-0.0493671,1
-0.181013,-0.0493671,1
-0.148101,-0.0493671,1
-0.11519,-0.0493671,1
-0.0822785,-0.0493671,1
-0.0493671,-0.0493671,1
-0.0164558,-0.0493671,2
0.0164558,-0.0493671,2
0.0493671,-0.0493671,2
0.0822785,-0.0493671,2
0.11519,-0.0493671,2
0.148101,-0.0493671,2
0.181013,-0.0493671,2
0.213924,-0.0493671,2
0.246835,-0.0493671,1
0.279747,-0.0493671,1
0.312658,-0.0493671,1
0.34557,-0.0493671,1
0.378481,-0.0493671,1
0.411392,-0.0493671,1
0.444304,-0.0493671,1
0.477215,-0.0493671,0
0.510127,-0.0493671,0
0.543038,-0.0493671,0
0.575949,-0.0493671,0
0.608861,-0.0493671,2
0.641772,-0.0493671,2
0.674684,-0.0493671,2
0.707595,-0.0493671,2
0.740506,-0.0493671,1
0.773418,-0.0493671,1
0.806329,-0.0493671,1
0.839241,-0.0493671,1
0.872152,-0.0493671,1
0.905063,-0.0493671,1
0.937975,-0.0493671,1
0.970886,-0.0493671,0
1.0038,-0.0493671,0
1.03671,-0.0493671,0
1.06962,-0.0493671,0
1.10253,-0.0493671,0
1.13544,-0.0493671,0
1.16835,-0.0493671,0
1.20127,-0.0493671,0
1.23418,-0.0493671,0
1.26709,-0.0493671,0
1.3,-0.0493671,0
-1.3,-0.0164558,2
-1.26709,-0.0164558,2
-1.23418,-0.0164558,2
-1.20127,-0.0164558,2
-1.16835,-0.0164558,2
-1.13544,-0.0164558,2
-1.10253,-0.0164558,2
-1.06962,-0.0164558,2
-1.03671,-0.0164558,2
-1.0038,-0.0164558,2
-0.970886,-0.0164558,2
-0.937975,-0.0164558,2
-0.905063,-0.0164558,2
-0.872152,-0.0164558,2
-0.83924,-0.0164558,0
-0.806329,-0.0164558,0
-0.773418,-0.0164558,0
-0.740506,-0.0164558,0
-0.707595,-0.0164558,0
-0.674684,-0.0164558,1
-0.641772,-0.0164558,1
-0.608861,-0.0164558,1
-0.575949,-0.0164558,1
-0.543038,-0.0164558,1
-0.510127,-0.0164558,1
-0.477215,-0.0164558,2
-0.444304,-0.0164558,2
-0.411392,-0.0164558,2
-0.378481,-0.0164558,0
-0.34557,-0.0164558,0
-0.312658,-0.0164558,0
-0.279747,-0.0164558,0
-0.246835,-0.0164558,0
-0.213924,-0.0164558,1
-0.181013,-0.0164558,1
-0.148101,-0.0164558,1
-0.11519,-0.0164558,1
-0.0822785,-0.0164558,1
-0.0493671,-0.0164558,1
-0.0164558,-0.0164558,1
0.0164558,-0.0164558,2
0.0493671,-0.0164558,0
0.0822785,-0.0164558,2
0.11519,-0.0164558,2
0.148101,-0.0164558,2
0.181013,-0.0164558,2
0.213924,-0.0164558,2
0.246835,-0.0164558,2
0.279747,-0.0164558,1
0.312658,-0.0164558,1
0.34557,-0.0164558,1
0.378481,-0.0164558,1
0.411392,-0.0164558,1
0.444304,-0.0164558,1
0.477215,-0.0164558,0
0.510127,-0.0164558,0
0.543038,-0.0164558,0
0.575949,-0.0164558,0
0.608861,-0.0164558,2
0.641772,-0.0164558,2
0.674684,-0.0164558,2
0.707595,-0.0164558,2
0.740506,-0.0164558,1
0.773418,-0.0164558,1
0.806329,-0.0164558,1
0.839241,-0.0164558,1
0.872152,-0.0164558,1
0.905063,-0.0164558,1
0.937975,-0.0164558,1
0.970886,-0.0164558,0
1.0038,-0.0164558,0
1.03671,-0.0164558,0
1.06962,-0.0164558,0
1.10253,-0.0164558,0
1.13544,-0.0164558,0
1.16835,-0.0164558,0
1.20127,-0.0164558,0
1.23418,-0.0164558,0
1.26709,-0.0164558,0
1.3,-0.0164558,0
-1.3,0.0164558,2
-1.26709,0.0164558,2
-1.23418,0.0164558,2
-1.20127,0.0164558,2
-1.16835,0.0164558,2
-1.13544,0.0164558,2
-1.10253,0.0164558,2
-1.06962,0.0164558,2
-1.03671,0.0164558,2
-1.0038,0.0164558,2
-0.970886,0.0164558,2
-0.937975,0.0164558,2
-0.905063,0.0164558,2
-0.872152,0.0164558,2
-0.83924,0.0164558,2
-0.806329,0.0164558,0
-0.773418,0.0164558,0
-0.740506,0.0164558,0
-0.707595,0.0164558,0
-0.674684,0.0164558,1
-0.641772,0.0164558,1
-0.608861,0.0164558,1
-0.575949,0.0164558,1
-0.543038,0.0164558,1
-0.510127,0.0164558,1
-0.477215,0.0164558,2
-0.444304,0.0164558,2
-0.411392,0.0164558,2
-0.378481,0.0164558,2
-0.34557,0.0164558,0
-0.312658,0.0164558,0
-0.279747,0.0164558,0
-0.246835,0.0164558,0
-0.213924,0.0164558,1
-0.181013,0.0164558,1
-0.148101,0.0164558,1
-0.11519,0.0164558,1
-0.0822785,0.0164558,1
-0.0493671,0.0164558,1
-0.0164558,0.0164558,1
0.0164558,0.0164558,0
0.0493671,0.0164558,0
0.0822785,0.0164558,0
0.11519,0.0164558,0
0.148101,0.0164558,2
0.181013,0.0164558,2
0.213924,0.0164558,2
0.246835,0.0164558,2
0.279747,0.0164558,1
0.312658,0.0164558,1
0.34557,0.0164558,1
0.378481,0.0164558,1
0.411392,0.0164558,1
0.444304,0.0164558,1
0.477215,0.0164558,0
0.510127,0.0164558,0
0.543038,0.0164558,0
0.575949,0.0164558,0
0.608861,0.0164558,2
0.641772,0.0164558,2
0.674684,0.0164558,2
0.707595,0.0164558,2
0.740506,0.0164558,1
0.773418,0.0164558,1
0.806329,0.0164558,1
0.839241,0.0164558,1
0.872152,0.0164558,1
0.905063,0.0164558,1
0.937975,0.0164558,1
0.970886,0.0164558,0
1.0038,0.0164558,0
1.03671,0.0164558,0
1.06962,0.0164558,0
1.10253,0.0164558,0
1.13544,0.0164558,0
1.16835,0.0164558,0
1.20127,0.0164558,0
1.23418,0.0164558,0
1.26709,0.0164558,0
1.3,0.0164558,0
-1.3,0.0493671,2
-1.26709,0.0493671,2
-1.23418,0.0493671,2
-1.20127,0.0493671,2
-1.16835,0.0493671,2
-1.13544,0.0493671,2
-1.10253,0.0493671,2
-1.06962,0.0493671,2
-1.03671,0.0493671,2
-1.0038,0.0493671,2
-0.970886,0.0493671,2
-0.937975,0.0493671,2
-0.905063,0.0493671,2
-0.872152,0.0493671,2
-0.83924,0.0493671,2
-0.806329,0.0493671,0
-0.773418,0.0493671,0
-0.740506,0.0493671,0
-0.707595,0.0493671,0
-0.674684,0.0493671,1
-0.641772,0.0493671,1
-0.608861,0.0493671,1
-0.575949,0.0493671,1
-0.543038,0.0493671,1
-0.510127,0.0493671,1
-0.477215,0.0493671,2
-0.444304,0.0493671,0
-0.411392,0.0493671,2
-0.378481,0.0493671,2
-0.34557,0.0493671,2
-0.312658,0.0493671,0
-0.279747,0.0493671,0
-0.246835,0.0493671,0
-0.213924,0.0493671,0
-0.181013,0.0493671,1
-0.148101,0.0493671,1
-0.11519,0.0493671,1
-0.0822785,0.0493671,1
-0.0493671,0.0493671,1
-0.0164558,0.0493671,1
0.0164558,0.0493671,0
0.0493671,0.0493671,0
0.0822785,0.0493671,0
0.11519,0.0493671,0
0.148101,0.0493671,2
0.181013,0.0493671,2
0.213924,0.0493671,2
0.246835,0.0493671,2
0.279747,0.0493671,1
0.312658,0.0493671,1
0.34557,0.0493671,1
0.378481,0.0493671,1
0.411392,0.0493671,1
0.444304,0.0493671,1
0.477215,0.0493671,0
0.510127,0.0493671,0
0.543038,0.0493671,0
0.575949,0.0493671,0
0.608861,0.0493671,2
0.641772,0.0493671,2
0.674684,0.0493671,2
0.707595,0.0493671,2
0.740506,0.0493671,1
0.773418,0.0493671,1
0.806329,0.0493671,1
0.839241,0.0493671,1
0.872152,0.0493671,1
0.905063,0.0493671,1
0.937975,0.0493671,1
0.970886,0.0493671,1
1.0038,0.0493671,0
1.03671,0.0493671,0
1.06962,0.0493671,0
1.10253,0.0493671,0
1.13544,0.0493671,0
1.16835,0.0493671,0
1.20127,0.0493671,0
1.23418,0.0493671,0
1.26709,0.0493671,0
1.3,0.0493671,0
-1.3,0.0822785,2
-1.26709,0.0822785,2
-1.23418,0.0822785,2
-1.20127,0.0822785,2
-1.16835,0.0822785,2
-1.13544,0.0822785,2
-1.10253,0.0822785,2
-1.06962,0.0822785,2
-1.03671,0.0822785,2
-1.0038,0.0822785,2
-0.970886,0.0822785,2
-0.937975,0.0822785,2
-0.905063,0.0822785,2
-0.872152,0.0822785,2
-0.83924,0.0822785,2
-0.806329,0.0822785,2
-0.773418,0.0822785,0
-0.740506,0.0822785,0
-0.707595,0.0822785,0
-0.674684,0.0822785,0
-0.641772,0.0822785,1
-0.608861,0.0822785,1
-0.575949,0.0822785,1
-0.543038,0.0822785,1
-0.510127,0.0822785,1
-0.477215,0.0822785,0
-0.444304,0.0822785,2
-0.411392,0.0822785,2
-0.378481,0.0822785,2
-0.34557,0.0822785,2
-0.312658,0.0822785,0
-0.279747,0.0822785,0
-0.246835,0.0822785,0
-0.213924,0.0822785,0
-0.181013,0.0822785,0
-0.148101,0.0822785,1
-0.11519,0.0822785,1
-0.0822785,0.0822785,1
-0.0493671,0.0822785,1
-0.0164558,0.0822785,1
0.0164558,0.0822785,0
0.0493671,0.0822785,0
0.0822785,0.0822785,0
0.11519,0.0822785,0
0.148101,0.0822785,0
0.181013,0.0822785,2
0.213924,0.0822785,2
0.246835,0.0822785,2
0.279747,0.0822785,1
0.312658,0.0822785,1
0.34557,0.0822785,1
0.378481,0.0822785,1
0.411392,0.0822785,1
0.444304,0.0822785,1
0.477215,0.0822785,0
0.510127,0.0822785,0
0.543038,0.0822785,0
0.575949,0.0822785,0
0.608861,0.0822785,2
0.641772,0.0822785,2
0.674684,0.0822785,2
0.707595,0.0822785,2
0.740506,0.0822785,2
0.773418,0.0822785,1
0.806329,0.0822785,1
0.839241,0.0822785,1
0.872152,0.0822785,1
0.905063,0.0822785,1
0.937975,0.0822785,1
0.970886,0.0822785,1
1.0038,0.0822785,0
1.03671,0.0822785,0
1.06962,0.0822785,0
1.10253,0.0822785,0
1.13544,0.0822785,0
1.16835,0.0822785,0
1.20127,0.0822785,0
1.23418,0.0822785,0
1.26709,0.0822785,0
1.3,0.0822785,0
-1.3,0.11519,2
-1.26709,0.11519,2
-1.23418,0.11519,2
-1.20127,0.11519,2
-1.16835,0.11519,2
-1.13544,0.11519,2
-1.10253,0.11519,2
-1.06962,0.11519,2
-1.03671,0.11519,2
-1.0038,0.11519,2
-0.970886,0.11519,2
-0.937975,0.11519,2
-0.905063,0.11519,2
-0.872152,0.11519,2
-0.83924,0.11519,2
-0.806329,0.11519,2
-0.773418,0.11519,0
-0.740506,0.11519,0
-0.707595,0.11519,0
-0.674684,0.11519,0
-0.641772,0.11519,1
-0.608861,0.11519,1
-0.575949,0.11519,1
-0.543038,0.11519,1
-0.510127,0.11519,1
-0.477215,0.11519,1
-0.444304,0.11519,2
-0.411392,0.11519,2
-0.378481,0.11519,2
-0.34557,0.11519,2
-0.312658,0.11519,2
-0.279747,0.11519,0
-0.246835,0.11519,0
-0.213924,0.11519,0
-0.181013,0.11519,0
-0.148101,0.11519,0
-0.11519,0.11519,0
-0.0822785,0.11519,1
-0.0493671,0.11519,1
-0.0164558,0.11519,0
0.0164558,0.11519,0
0.0493671,0.11519,0
0.0822785,0.11519,0
0.11519,0.11519,0
0.148101,0.11519,2
0.181013,0.11519,2
0.213924,0.11519,2
0.246835,0.11519,2
0.279747,0.11519,1
0.312658,0.11519,1
0.34557,0.11519,1
0.378481,0.11519,1
0.411392,0.11519,1
0.444304,0.11519,1
0.477215,0.11519,0
0.510127,0.11519,0
0.543038,0.11519,0
0.575949,0.11519,0
0.608861,0.11519,2
0.641772,0.11519,2
0.674684,0.11519,2
0.707595,0.11519,2
0.740506,0.11519,2
0.773418,0.11519,1
0.806329,0.11519,1
0.839241,0.11519,1
0.872152,0.11519,1
0.905063,0.11519,1
0.937975,0.11519,1
0.970886,0.11519,1
1.0038,0.11519,1
1.03671,0.11519,0
1.06962,0.11519,0
1.10253,0.11519,0
1.13544,0.11519,0
1.16835,0.11519,0
1.20127,0.11519,0
1.23418,0.11519,0
1.26709,0.11519,0
1.3,0.11519,0
-1.3,0.148101,2
-1.26709,0.148101,2
-1.23418,0.148101,2
-1.20127,0.148101,2
-1.16835,0.148101,2
-1.13544,0.148101,2
-1.10253,0.148101,2
-1.06962,0.148101,2
-1.03671,0.148101,2
-1.0038,0.148101,2
-0.970886,0.148101,2
-0.937975,0.148101,2
-0.905063,0.148101,2
-0.872152,0.148101,2
-0.83924,0.148101,2
-0.806329,0.148101,2
-0.773418,0.148101,0
-0.740506,0.148101,0
-0.707595,0.148101,0
-0.674684,0.148101,0
-0.641772,0.148101,0
-0.608861,0.148101,1
-0.575949,0.148101,1
-0.543038,0.148101,1
-0.510127,0.148101,1
-0.477215,0.148101,1
-0.444304,0.148101,2
-0.411392,0.148101,2
-0.378481,0.148101,2
-0.34557,0.148101,2
-0.312658,0.148101,2
-0.279747,0.148101,2
-0.246835,0.148101,0
-0.213924,0.148101,0
-0.181013,0.148101,0
-0.148101,0.148101,0
-0.11519,0.148101,0
-0.0822785,0.148101,0
-0.0493671,0.148101,0
-0.0164558,0.148101,0
0.0164558,0.148101,0
0.0493671,0.148101,0
0.0822785,0.148101,0
0.11519,0.148101,0
0.148101,0.148101,2
0.181013,0.148101,2
0.213924,0.148101,2
0.246835,0.148101,1
0.279747,0.148101,1
0.312658,0.148101,1
0.34557,0.148101,1
0.378481,0.148101,1
0.411392,0.148101,1
0.444304,0.148101,0
0.477215,0.148101,0
0.510127,0.148101,0
0.543038,0.148101,0
0.575949,0.148101,0
0.608861,0.148101,2
0.641772,0.148101,2
0.674684,0.148101,2
0.707595,0.148101,2
0.740506,0.148101,2
0.773418,0.148101,1
0.806329,0.148101,1
0.839241,0.148101,1
0.872152,0.148101,1
0.905063,0.148101,1
0.937975,0.148101,1
0.970886,0.148101,1
1.0038,0.148101,1
1.03671,0.148101,0
1.06962,0.148101,0
1.10253,0.148101,0
1.13544,0.148101,0
1.16835,0.148101,0
1.20127,0.148101,0
1.23418,0.148101,0
1.26709,0.148101,0
1.3,0.148101,0
-1.3,0.181013,2
-1.26709,0.181013,2
-1.23418,0.181013,2
-1.20127,0.181013,2
-1.16835,0.181013,2
-1.13544,0.181013,2
-1.10253,0.181013,2
-1.06962,0.181013,2
-1.03671,0.181013,2
-1.0038,0.181013,2
-0.970886,0.181013,2
-0.937975,0.181013,2
-0.905063,0.181013,2
-0.872152,0.181013,2
-0.83924,0.181013,2
-0.806329,0.181013,2
-0.773418,0.181013,2
-0.740506,0.181013,0
-0.707595,0.181013,0
-0.674684,0.181013,0
-0.641772,0.181013,0
-0.608861,0.181013,1
-0.575949,0.181013,1
-0.543038,0.181013,1
-0.510127,0.181013,1
-0.477215,0.181013,1
-0.444304,0.181013,1
-0.411392,0.181013,2
-0.378481,0.181013,2
-0.34557,0.181013,2
-0.312658,0.181013,2
-0.279747,0.181013,2
-0.246835,0.181013,2
-0.213924,0.181013,0
-0.181013,0.181013,0
-0.148101,0.181013,0
-0.11519,0.181013,0
-0.0822785,0.181013,0
-0.0493671,0.181013,0
-0.0164558,0.181013,0
0.0164558,0.181013,0
0.0493671,0.181013,0
0.0822785,0.181013,0
0.11519,0.181013,2
0.148101,0.181013,2
0.181013,0.181013,2
0.213924,0.181013,2
0.246835,0.181013,1
0.279747,0.181013,1
0.312658,0.181013,1
0.34557,0.181013,1
0.378481,0.181013,1
0.411392,0.181013,1
0.444304,0.181013,0
0.477215,0.181013,0
0.510127,0.181013,0
0.543038,0.181013,0
0.575949,0.181013,0
0.608861,0.181013,2
0.641772,0.181013,2
0.674684,0.181013,2
0.707595,0.181013,2
0.740506,0.181013,2
0.773418,0.181013,1
0.806329,0.181013,1
0.839241,0.181013,1
0.872152,0.181013,1
0.905063,0.181013,1
0.937975,0.181013,1
0.970886,0.181013,1
1.0038,0.181013,1
1.03671,0.181013,1
1.06962,0.181013,0
1.10253,0.181013,0
1.13544,0.181013,0
1.16835,0.181013,0
1.20127,0.181013,0
1.23418,0.181013,0
1.26709,0.181013,0
1.3,0.181013,0
-1.3,0.213924,2
-1.26709,0.213924,2
-1.23418,0.213924,2
-1.20127,0.213924,2
-1.16835,0.213924,2
-1.13544,0.213924,2
-1.10253,0.213924,2
-1.06962,0.213924,2
-1.03671,0.213924,2
-1.0038,0.213924,2
-0.970886,0.213924,2
-0.937975,0.213924,2
-0.905063,0.213924,2
-0.872152,0.213924,2
-0.83924,0.213924,2
-0.806329,0.213924,2
-0.773418,0.213924,2
-0.740506,0.213924,0
-0.707595,0.213924,0
-0.674684,0.213924,0
-0.641772,0.213924,0
-0.608861,0.213924,0
-0.575949,0.213924,1
-0.543038,0.213924,1
-0.510127,0.213924,1
-0.477215,0.213924,1
-0.444304,0.213924,1
-0.411392,0.213924,2
-0.378481,0.213924,2
-0.34557,0.213924,2
-0.312658,0.213924,2
-0.279747,0.213924,2
-0.246835,0.213924,2
-0.213924,0.213924,2
-0.181013,0.213924,0
-0.148101,0.213924,0
-0.11519,0.213924,0
-0.0822785,0.213924,0
-0.0493671,0.213924,0
-0.0164558,0.213924,0
0.0164558,0.213924,0
0.0493671,0.213924,0
0.0822785,0.213924,2
0.11519,0.213924,2
0.148101,0.213924,2
0.181013,0.213924,2
0.213924,0.213924,1
0.246835,0.213924,1
0.279747,0.213924,1
0.312658,0.213924,1
0.34557,0.213924,1
0.378481,0.213924,1
0.411392,0.213924,0
0.444304,0.213924,0
0.477215,0.213924,0
0.510127,0.213924,0
0.543038,0.213924,0
0.575949,0.213924,0
0.608861,0.213924,2
0.641772,0.213924,2
0.674684,0.213924,2
0.707595,0.213924,2
0.740506,0.213924,2
0.773418,0.213924,1
0.806329,0.213924,1
0.839241,0.213924,1
0.872152,0.213924,1
0.905063,0.213924,1
0.937975,0.213924,1
0.970886,0.213924,1
1.0038,0.213924,1
1.03671,0.213924,1
1.06962,0.213924,0
1.10253,0.213924,0
1.13544,0.213924,0
1.16835,0.213924,0
1.20127,0.213924,0
1.23418,0.213924,0
1.26709,0.213924,0
1.3,0.213924,0
-1.3,0.246835,2
-1.26709,0.246835,2
-1.23418,0.246835,2
-1.20127,0.246835,2
-1.16835,0.246835,2
-1.13544,0.246835,2
-1.10253,0.246835,2
-1.06962,0.246835,2
-1.03671,0.246835,2
-1.0038,0.246835,2
-0.970886,0.246835,2
-0.937975,0.246835,2
-0.905063,0.246835,2
-0.872152,0.246835,2
-0.83924,0.246835,2
-0.806329,0.246835,2
-0.773418,0.246835,2
-0.740506,0.246835,2
-0.707595,0.246835,0
-0.674684,0.246835,0
-0.641772,0.246835,0
-0.608861,0.246835,0
-0.575949,0.246835,0
-0.543038,0.246835,1
-0.510127,0.246835,1
-0.477215,0.246835,1
-0.444304,0.246835,1
-0.411392,0.246835,1
-0.378481,0.246835,2
-0.34557,0.246835,2
-0.312658,0.246835,2
-0.279747,0.246835,2
-0.246835,0.246835,2
-0.213924,0.246835,2
-0.181013,0.246835,2
-0.148101,0.246835,0
-0.11519,0.246835,0
-0.0822785,0.246835,0
-0.0493671,0.246835,0
-0.0164558,0.246835,0
0.0164558,0.246835,0
0.0493671,0.246835,2
0.0822785,0.246835,2
0.11519,0.246835,2
0.148101,0.246835,2
0.181013,0.246835,1
0.213924,0.246835,1
0.246835,0.246835,1
0.279747,0.246835,1
0.312658,0.246835,1
0.34557,0.246835,1
0.378481,0.246835,1
0.411392,0.246835,0
0.444304,0.246835,0
0.477215,0.246835,0
0.510127,0.246835,0
0.543038,0.246835,0
0.575949,0.246835,0
0.608861,0.246835,2
0.641772,0.246835,2
0.674684,0.246835,2
0.707595,0.246835,2
0.740506,0.246835,2
0.773418,0.246835,1
0.806329,0.246835,1
0.839241,0.246835,1
0.872152,0.246835,1
0.905063,0.246835,1
0.937975,0.246835,1
0.970886,0.246835,1
1.0038,0.246835,1
1.03671,0.246835,1
1.06962,0.246835,1
1.10253,0.246835,0
1.13544,0.246835,0
1.16835,0.246835,0
1.20127,0.246835,0
1.23418,0.246835,0
1.26709,0.246835,0
1.3,0.246835,0
-1.3,0.279747,2
-1.26709,0.279747,2
-1.23418,0.279747,2
-1.20127,0.279747,2
-1.16835,0.279747,2
-1.13544,0.279747,2
-1.10253,0.279747,2
-1.06962,0.279747,2
-1.03671,0.279747,2
-1.0038,0.279747,2
-0.970886,0.279747,2
-0.937975,0.279747,2
-0.905063,0.279747,2
-0.872152,0.279747,2
-0.83924,0.279747,2
-0.806329,0.279747,2
-0.773418,0.279747,2
-0.740506,0.279747,2
-0.707595,0.279747,0
-0.674684,0.279747,0
-0.641772,0.279747,0
-0.608861,0.279747,0
-0.575949,0.279747,0
-0.543038,0.279747,0
-0.510127,0.279747,1
-0.477215,0.279747,1
-0.444304,0.279747,1
-0.411392,0.279747,1
-0.378481,0.279747,2
-0.34557,0.279747,2
-0.312658,0.279747,2
-0.279747,0.279747,2
-0.246835,0.279747,2
-0.213924,0.279747,2
-0.181013,0.279747,2
-0.148101,0.279747,2
-0.11519,0.279747,2
-0.0822785,0.279747,2
-0.0493671,0.279747,2
-0.0164558,0.279747,2
0.0164558,0.279747,2
0.0493671,0.279747,2
0.0822785,0.279747,2
0.11519,0.279747,2
0.148101,0.279747,1
0.181013,0.279747,1
0.213924,0.279747,1
0.246835,0.279747,1
0.279747,0.279747,1
0.312658,0.279747,1
0.34557,0.279747,1
0.378481,0.279747,0
0.411392,0.279747,0
0.444304,0.279747,0
0.477215,0.279747,0
0.510127,0.279747,0
0.543038,0.279747,0
0.575949,0.279747,0
0.608861,0.279747,2
0.641772,0.279747,2
0.674684,0.279747,2
0.707595,0.279747,2
0.740506,0.279747,1
0.773418,0.279747,1
0.806329,0.279747,1
0.839241,0.279747,1
0.872152,0.279747,1
0.905063,0.279747,1
0.937975,0.279747,1
0.970886,0.279747,1
1.0038,0.279747,1
1.03671,0.279747,1
1.06962,0.279747,1
1.10253,0.279747,1
1.13544,0.279747,0
1.16835,0.279747,0
1.20127,0.279747,0
1.23418,0.279747,0
1.26709,0.279747,0
1.3,0.279747,0
-1.3,0.312658,2
-1.26709,0.312658,2
-1.23418,0.312658,2
-1.20127,0.312658,2
-1.16835,0.312658,2
-1.13544,0.312658,2
-1.10253,0.312658,2
-1.06962,0.312658,2
-1.03671,0.312658,2
-1.0038,0.312658,2
-0.970886,0.312658,2
-0.937975,0.312658,2
-0.905063,0.312658,2
-0.872152,0.312658,2
-0.83924,0.312658,2
-0.806329,0.312658,2
-0.773418,0.312658,2
-0.740506,0.312658,2
-0.707595,0.312658,2
-0.674684,0.312658,0
-0.641772,0.312658,0
-0.608861,0.312658,0
-0.575949,0.312658,0
-0.543038,0.312658,0
-0.510127,0.312658,1
-0.477215,0.312658,1
-0.444304,0.312658,1
-0.411392,0.312658,1
-0.378481,0.312658,1
-0.34557,0.312658,2
-0.312658,0.312658,2
-0.279747,0.312658,2
-0.246835,0.312658,2
-0.213924,0.312658,2
-0.181013,0.312658,2
-0.148101,0.312658,2
-0.11519,0.312658,2
-0.0822785,0.312658,2
-0.0493671,0.312658,2
-0.0164558,0.312658,2
0.0164558,0.312658,2
0.0493671,0.312658,2
0.0822785,0.312658,1
0.11519,0.312658,1
0.148101,0.312658,1
0.181013,0.312658,1
0.213924,0.312658,1
0.246835,0.312658,1
0.279747,0.312658,1
0.312658,0.312658,1
0.34557,0.312658,0
0.378481,0.312658,0
0.411392,0.312658,0
0.444304,0.312658,0
0.477215,0.312658,0
0.510127,0.312658,0
0.543038,0.312658,0
0.575949,0.312658,2
0.608861,0.312658,2
0.641772,0.312658,2
0.674684,0.312658,2
0.707595,0.312658,2
0.740506,0.312658,1
0.773418,0.312658,1
0.806329,0.312658,1
0.839241,0.312658,1
0.872152,0.312658,1
0.905063,0.312658,1
0.937975,0.312658,1
0.970886,0.312658,1
1.0038,0.312658,1
1.03671,0.312658,1
1.06962,0.312658,1
1.10253,0.312658,1
1.13544,0.312658,0
1.16835,0.312658,0
1.20127,0.312658,0
1.23418,0.312658,0
1.26709,0.312658,0
1.3,0.312658,0
-1.3,0.34557,2
-1.26709,0.34557,2
-1.23418,0.34557,2
-1.20127,0.34557,2
-1.16835,0.34557,2
-1.13544,0.34557,2
-1.10253,0.34557,2
-1.06962,0.34557,2
-1.03671,0.34557,2
-1.0038,0.34557,2
-0.970886,0.34557,2
-0.937975,0.34557,2
-0.905063,0.34557,2
-0.872152,0.34557,2
-0.83924,0.34557,2
-0.806329,0.34557,2
-0.773418,0.34557,2
-0.740506,0.34557,2
-0.707595,0.34557,2
-0.674684,0.34557,0
-0.641772,0.34557,0
-0.608861,0.34557,0
-0.575949,0.34557,0
-0.543038,0.34557,0
-0.510127,0.34557,1
-0.477215,0.34557,1
-0.444304,0.34557,1
-0.411392,0.34557,1
-0.378481,0.34557,1
-0.34557,0.34557,1
-0.312658,0.34557,1
-0.279747,0.34557,1
-0.246835,0.34557,1
-0.213924,0.34557,2
-0.181013,0.34557,2
-0.148101,0.34557,2
-0.11519,0.34557,2
-0.0822785,0.34557,2
-0.0493671,0.34557,2
-0.0164558,0.34557,2
0.0164558,0.34557,1
0.0493671,0.34557,1
0.0822785,0.34557,1
0.11519,0.34557,1
0.148101,0.34557,1
0.181013,0.34557,1
0.213924,0.34557,1
0.246835,0.34557,1
0.279747,0.34557,1
0.312658,0.34557,0
0.34557,0.34557,0
0.378481,0.34557,0
0.411392,0.34557,0
0.444304,0.34557,0
0.477215,0.34557,0
0.510127,0.34557,0
0.543038,0.34557,0
0.575949,0.34557,2
0.608861,0.34557,2
0.641772,0.34557,2
0.674684,0.34557,2
0.707595,0.34557,2
0.740506,0.34557,1
0.773418,0.34557,1
0.806329,0.34557,1
0.839241,0.34557,1
0.872152,0.34557,1
0.905063,0.34557,1
0.937975,0.34557,1
0.970886,0.34557,1
1.0038,0.34557,1
1.03671,0.34557,1
1.06962,0.34557,1
1.10253,0.34557,1
1.13544,0.34557,1
1.16835,0.34557,0
1.20127,0.34557,0
1.23418,0.34557,0
1.26709,0.34557,0
1.3,0.34557,0
-1.3,0.378481,2
-1.26709,0.378481,2
-1.23418,0.378481,2
-1.20127,0.378481,2
-1.16835,0.378481,2
-1.13544,0.378481,2
-1.10253,0.378481,2
-1.06962,0.378481,2
-1.03671,0.378481,2
-1.0038,0.378481,2
-0.970886,0.378481,2
-0.937975,0.378481,2
-0.905063,0.378481,2
-0.872152,0.378481,2
-0.83924,0.378481,2
-0.806329,0.378481,2
-0.773418,0.378481,2
-0.740506,0.378481,2
-0.707595,0.378481,2
-0.674684,0.378481,2
-0.641772,0.378481,0
-0.608861,0.378481,0
-0.575949,0.378481,0
-0.543038,0.378481,0
-0.510127,0.378481,0
-0.477215,0.378481,1
-0.444304,0.378481,1
-0.411392,0.378481,1
-0.378481,0.378481,1
-0.34557,0.378481,1
-0.312658,0.378481,1
-0.279747,0.378481,1
-0.246835,0.378481,1
-0.213924,0.378481,1
-0.181013,0.378481,1
-0.148101,0.378481,1
-0.11519,0.378481,1
-0.0822785,0.378481,1
-0.0493671,0.378481,1
-0.0164558,0.378481,1
0.0164558,0.378481,1
0.0493671,0.378481,1
0.0822785,0.378481,1
0.11519,0.378481,1
0.148101,0.378481,1
0.181013,0.378481,1
0.213924,0.378481,1
0.246835,0.378481,1
0.279747,0.378481,1
0.312658,0.378481,0
0.34557,0.378481,0
0.378481,0.378481,0
0.411392,0.378481,0
0.444304,0.378481,0
0.477215,0.378481,0
0.510127,0.378481,0
0.543038,0.378481,2
0.575949,0.378481,2
0.608861,0.378481,2
0.641772,0.378481,2
0.674684,0.378481,2
0.707595,0.378481,1
0.740506,0.378481,1
0.773418,0.378481,1
0.806329,0.378481,1
0.839241,0.378481,1
0.872152,0.378481,1
0.905063,0.378481,1
0.937975,0.378481,1
0.970886,0.378481,1
1.0038,0.378481,1
1.03671,0.378481,1
1.06962,0.378481,1
1.10253,0.378481,1
1.13544,0.378481,1
1.16835,0.378481,0
1.20127,0.378481,0
1.23418,0.378481,0
1.26709,0.378481,0
1.3,0.378481,0
-1.3,0.411392,2
-1.26709,0.411392,2
-1.23418,0.411392,2
-1.20127,0.411392,2
-1.16835,0.411392,2
-1.13544,0.411392,2
-1.10253,0.411392,2
-1.06962,0.411392,2
-1.03671,0.411392,2
-1.0038,0.411392,2
-0.970886,0.411392,2
-0.937975,0.411392,2
-0.905063,0.411392,2
-0.872152,0.411392,2
-0.83924,0.411392,2
-0.806329,0.411392,2
-0.773418,0.411392,2
-0.740506,0.411392,2
-0.707595,0.411392,2
-0.674684,0.411392,2
-0.641772,0.411392,2
-0.608861,0.411392,0
-0.575949,0.411392,0
-0.543038,0.411392,0
-0.510127,0.411392,0
-0.477215,0.411392,0
-0.444304,0.411392,1
-0.411392,0.411392,1
-0.378481,0.411392,1
-0.34557,0.411392,1
-0.312658,0.411392,1
-0.279747,0.411392,1
-0.246835,0.411392,1
-0.213924,0.411392,1
-0.181013,0.411392,1
-0.148101,0.411392,1
-0.11519,0.411392,1
-0.0822785,0.411392,1
-0.0493671,0.411392,1
-0.0164558,0.411392,1
0.0164558,0.411392,1
0.0493671,0.411392,1
0.0822785,0.411392,1
0.11519,0.411392,1
0.148101,0.411392,1
0.181013,0.411392,1
0.213924,0.411392,1
0.246835,0.411392,1
0.279747,0.411392,0
0.312658,0.411392,0
0.34557,0.411392,0
0.378481,0.411392,0
0.411392,0.411392,0
0.444304,0.411392,0
0.477215,0.411392,0
0.510127,0.411392,0
0.543038,0.411392,2
0.575949,0.411392,2
0.608861,0.411392,2
0.641772,0.411392,2
0.674684,0.411392,2
0.707595,0.411392,1
0.740506,0.411392,1
0.773418,0.411392,1
0.806329,0.411392,1
0.839241,0.411392,1
0.872152,0.411392,1
0.905063,0.411392,1
0.937975,0.411392,1
0.970886,0.411392,1
1.0038,0.411392,1
1.03671,0.411392,1
1.06962,0.411392,1
1.10253,0.411392,1
1.13544,0.411392,1
1.16835,0.411392,1
1.20127,0.411392,0
1.23418,0.411392,0
1.26709,0.411392,0
1.3,0.411392,0
-1.3,0.444304,2
-1.26709,0.444304,2
-1.23418,0.444304,2
-1.20127,0.444304,2
-1.16835,0.444304,2
-1.13544,0.444304,2
-1.10253,0.444304,2
-1.06962,0.444304,2
-1.03671,0.444304,2
-1.0038,0.444304,2
-0.970886,0.444304,2
-0.937975,0.444304,2
-0.905063,0.444304,2
-0.872152,0.444304,2
-0.83924,0.444304,2
-0.806329,0.444304,2
-0.773418,0.444304,2
-0.740506,0.444304,2
-0.707595,0.444304,2
-0.674684,0.444304,2
-0.641772,0.444304,2
-0.608861,0.444304,0
-0.575949,0.444304,0
-0.543038,0.444304,0
-0.510127,0.444304,0
-0.477215,0.444304,0
-0.444304,0.444304,1
-0.411392,0.444304,1
-0.378481,0.444304,1
-0.34557,0.444304,1
-0.312658,0.444304,1
-0.279747,0.444304,1
-0.246835,0.444304,1
-0.213924,0.444304,1
-0.181013,0.444304,1
-0.148101,0.444304,1
-0.11519,0.444304,1
-0.0822785,0.444304,1
-0.0493671,0.444304,1
-0.0164558,0.444304,1
0.0164558,0.444304,1
0.0493671,0.444304,1
0.0822785,0.444304,1
0.11519,0.444304,1
0.148101,0.444304,1
0.181013,0.444304,1
0.213924,0.444304,1
0.246835,0.444304,0
0.279747,0.444304,0
0.312658,0.444304,0
0.34557,0.444304,0
0.378481,0.444304,0
0.411392,0.444304,0
0.444304,0.444304,0
0.477215,0.444304,0
0.510127,0.444304,2
0.543038,0.444304,2
0.575949,0.444304,2
0.608861,0.444304,2
0.641772,0.444304,2
0.674684,0.444304,1
0.707595,0.444304,1
0.740506,0.444304,1
0.773418,0.444304,1
0.806329,0.444304,1
0.839241,0.444304,1
0.872152,0.444304,1
0.905063,0.444304,1
0.937975,0.444304,1
0.970886,0.444304,1
1.0038,0.444304,1
1.03671,0.444304,1
1.06962,0.444304,1
1.10253,0.444304,1
1.13544,0.444304,1
1.16835,0.444304,1
1.20127,0.444304,0
1.23418,0.444304,0
1.26709,0.444304,0
1.3,0.444304,0
-1.3,0.477215,2
-1.26709,0.477215,2
-1.23418,0.477215,2
-1.20127,0.477215,2
-1.16835,0.477215,2
-1.13544,0.477215,2
-1.10253,0.477215,2
-1.06962,0.477215,2
-1.03671,0.477215,2
-1.0038,0.477215,2
-0.970886,0.477215,2
-0.937975,0.477215,2
-0.905063,0.477215,2
-0.872152,0.477215,2
-0.83924,0.477215,2
-0.806329,0.477215,2
-0.773418,0.477215,2
-0.740506,0.477215,2
-0.707595,0.477215,2
-0.674684,0.477215,2
-0.641772,0.477215,2
-0.608861,0.477215,2
-0.575949,0.477215,0
-0.543038,0.477215,0
-0.510127,0.477215,0
-0.477215,0.477215,0
-0.444304,0.477215,0
-0.411392,0.477215,0
-0.378481,0.477215,1
-0.34557,0.477215,1
-0.312658,0.477215,1
-0.279747,0.477215,1
-0.246835,0.477215,1
-0.213924,0.477215,1
-0.181013,0.477215,1
-0.148101,0.477215,1
-0.11519,0.477215,1
-0.0822785,0.477215,1
-0.0493671,0.477215,1
-0.0164558,0.477215,1
0.0164558,0.477215,1
0.0493671,0.477215,1
0.0822785,0.477215,1
0.11519,0.477215,1
0.148101,0.477215,1
0.181013,0.477215,1
0.213924,0.477215,0
0.246835,0.477215,0
0.279747,0.477215,0
0.312658,0.477215,0
0.34557,0.477215,0
0.378481,0.477215,0
0.411392,0.477215,0
0.444304,0.477215,0
0.477215,0.477215,2
0.510127,0.477215,2
0.543038,0.477215,2
0.575949,0.477215,2
0.608861,0.477215,2
0.641772,0.477215,2
0.674684,0.477215,1
0.707595,0.477215,1
0.740506,0.477215,1
0.773418,0.477215,1
0.806329,0.477215,1
0.839241,0.477215,1
0.872152,0.477215,1
0.905063,0.477215,1
0.937975,0.477215,1
0.970886,0.477215,1
1.0038,0.477215,1
1.03671,0.477215,1
1.06962,0.477215,1
1.10253,0.477215,1
1.13544,0.477215,1
1.16835,0.477215,1
1.20127,0.477215,1
1.23418,0.477215,0
1.26709,0.477215,0
1.3,0.477215,0
-1.3,0.510127,2
-1.26709,0.510127,2
-1.23418,0.510127,2
-1.20127,0.510127,2
-1.16835,0.510127,2
-1.13544,0.510127,2
-1.10253,0.510127,2
-1.06962,0.510127,2
-1.03671,0.510127,2
-1.0038,0.510127,2
-0.970886,0.510127,2
-0.937975,0.510127,2
-0.905063,0.510127,2
-0.872152,0.510127,2
-0.83924,0.510127,2
-0.806329,0.510127,2
-0.773418,0.510127,2
-0.740506,0.510127,2
-0.707595,0.510127,2
-0.674684,0.510127,2
-0.641772,0.510127,2
-0.608861,0.510127,2
-0.575949,0.510127,0
-0.543038,0.510127,0
-0.510127,0.510127,0
-0.477215,0.510127,0
-0.444304,0.510127,0
-0.411392,0.510127,0
-0.378481,0.510127,0
-0.34557,0.510127,1
-0.312658,0.510127,1
-0.279747,0.510127,1
-0.246835,0.510127,1
-0.213924,0.510127,1
-0.181013,0.510127,1
-0.148101,0.510127,1
-0.11519,0.510127,1
-0.0822785,0.510127,1
-0.0493671,0.510127,1
-0.0164558,0.510127,1
0.0164558,0.510127,1
0.0493671,0.510127,1
0.0822785,0.510127,1
0.11519,0.510127,1
0.148101,0.510127,0
0.181013,0.510127,0
0.213924,0.510127,0
0.246835,0.510127,0
0.279747,0.510127,0
0.312658,0.510127,0
0.34557,0.510127,0
0.378481,0.510127,0
0.411392,0.510127,0
0.444304,0.510127,0
0.477215,0.510127,2
0.510127,0.510127,2
0.543038,0.510127,2
0.575949,0.510127,2
0.608861,0.510127,2
0.641772,0.510127,1
0.674684,0.510127,1
0.707595,0.510127,1
0.740506,0.510127,1
0.773418,0.510127,1
0.806329,0.510127,1
0.839241,0.510127,1
0.872152,0.510127,1
0.905063,0.510127,1
0.937975,0.510127,1
0.970886,0.510127,1
1.0038,0.510127,1
1.03671,0.510127,1
1.06962,0.510127,1
1.10253,0.510127,1
1.13544,0.510127,1
1.16835,0.510127,1
1.20127,0.510127,1
1.23418,0.510127,0
1.26709,0.510127,0
1.3,0.510127,0
-1.3,0.543038,2
-1.26709,0.543038,2
-1.23418,0.543038,2
-1.20127,0.543038,2
-1.16835,0.543038,2
-1.13544,0.543038,2
-1.10253,0.543038,2
-1.06962,0.543038,2
-1.03671,0.543038,2
-1.0038,0.543038,2
-0.970886,0.543038,2
-0.937975,0.543038,2
-0.905063,0.543038,2
-0.872152,0.543038,2
-0.83924,0.543038,2
-0.806329,0.543038,2
-0.773418,0.543038,2
-0.740506,0.543038,2
-0.707595,0.543038,2
-0.674684,0.543038,2
-0.641772,0.543038,2
-0.608861,0.543038,2
-0.575949,0.543038,2
-0.543038,0.543038,0
-0.510127,0.543038,0
-0.477215,0.543038,0
-0.444304,0.543038,0
-0.411392,0.543038,0
-0.378481,0.543038,0
-0.34557,0.543038,0
-0.312658,0.543038,0
-0.279747,0.543038,1
-0.246835,0.543038,2
-0.213924,0.543038,2
-0.181013,0.543038,2
-0.148101,0.543038,1
-0.11519,0.543038,1
-0.0822785,0.543038,1
-0.0493671,0.543038,1
-0.0164558,0.543038,1
0.0164558,0.543038,1
0.0493671,0.543038,0
0.0822785,0.543038,0
0.11519,0.543038,0
0.148101,0.543038,0
0.181013,0.543038,0
0.213924,0.543038,0
0.246835,0.543038,0
0.279747,0.543038,0
0.312658,0.543038,0
0.34557,0.543038,0
0.378481,0.543038,0
0.411392,0.543038,0
0.444304,0.543038,2
0.477215,0.543038,2
0.510127,0.543038,2
0.543038,0.543038,2
0.575949,0.543038,2
0.608861,0.543038,1
0.641772,0.543038,1
0.674684,0.543038,1
0.707595,0.543038,1
0.740506,0.543038,1
0.773418,0.543038,1
0.806329,0.543038,1
0.839241,0.543038,1
0.872152,0.543038,1
0.905063,0.543038,1
0.937975,0.543038,1
0.970886,0.543038,1
1.0038,0.543038,1
1.03671,0.543038,1
1.06962,0.543038,1
1.10253,0.543038,1
1.13544,0.543038,1
1.16835,0.543038,1
1.20127,0.543038,1
1.23418,0.543038,0
1.26709,0.543038,0
1.3,0.543038,0
-1.3,0.575949,2
-1.26709,0.575949,2
-1.23418,0.575949,2
-1.20127,0.575949,2
-1.16835,0.575949,2
-1.13544,0.575949,2
-1.10253,0.575949,2
-1.06962,0.575949,2
-1.03671,0.575949,2
-1.0038,0.575949,2
-0.970886,0.575949,2
-0.937975,0.575949,2
-0.905063,0.575949,2
-0.872152,0.575949,2
-0.83924,0.575949,2
-0.806329,0.575949,2
-0.773418,0.575949,2
-0.740506,0.575949,2
-0.707595,0.575949,2
-0.674684,0.575949,2
-0.641772,0.575949,2
-0.608861,0.575949,2
-0.575949,0.575949,2
-0.543038,0.575949,2
-0.510127,0.575949,0
-0.477215,0.575949,0
-0.444304,0.575949,0
-0.411392,0.575949,0
-0.378481,0.575949,0
-0.34557,0.575949,0
-0.312658,0.575949,0
-0.279747,0.575949,0
-0.246835,0.575949,0
-0.213924,0.575949,2
-0.181013,0.575949,2
-0.148101,0.575949,2
-0.11519,0.575949,2
-0.0822785,0.575949,2
-0.0493671,0.575949,0
-0.0164558,0.575949,0
0.0164558,0.575949,0
0.0493671,0.575949,0
0.0822785,0.575949,0
0.11519,0.575949,0
0.148101,0.575949,0
0.181013,0.575949,0
0.213924,0.575949,0
0.246835,0.575949,0
0.279747,0.575949,0
0.312658,0.575949,0
0.34557,0.575949,0
0.378481,0.575949,0
0.411392,0.575949,2
0.444304,0.575949,2
0.477215,0.575949,2
0.510127,0.575949,2
0.543038,0.575949,2
0.575949,0.575949,2
0.608861,0.575949,1
0.641772,0.575949,1
0.674684,0.575949,1
0.707595,0.575949,1
0.740506,0.575949,1
0.773418,0.575949,1
0.806329,0.575949,1
0.839241,0.575949,1
0.872152,0.575949,1
0.905063,0.575949,1
0.937975,0.575949,1
0.970886,0.575949,1
1.0038,0.575949,1
1.03671,0.575949,1
1.06962,0.575949,1
1.10253,0.575949,1
1.13544,0.575949,1
1.16835,0.575949,1
1.20127,0.575949,1
1.23418,0.575949,0
1.26709,0.575949,0
1.3,0.575949,0
-1.3,0.608861,2
-1.26709,0.608861,2
-1.23418,0.608861,2
-1.20127,0.608861,2
-1.16835,0.608861,2
-1.13544,0.608861,2
-1.10253,0.608861,2
-1.06962,0.608861,2
-1.03671,0.608861,2
-1.0038,0.608861,2
-0.970886,0.608861,2
-0.937975,0.608861,2
-0.905063,0.608861,2
-0.872152,0.608861,2
-0.83924,0.608861,2
-0.806329,0.608861,2
-0.773418,0.608861,2
-0.740506,0.608861,2
-0.707595,0.608861,2
-0.674684,0.608861,2
-0.641772,0.608861,2
-0.608861,0.608861,2
-0.575949,0.608861,2
-0.543038,0.608861,2
-0.510127,0.608861,2
-0.477215,0.608861,0
-0.444304,0.608861,0
-0.411392,0.608861,0
-0.378481,0.608861,0
-0.34557,0.608861,0
-0.312658,0.608861,0
-0.279747,0.608861,0
-0.246835,0.608861,0
-0.213924,0.608861,0
-0.181013,0.608861,0
-0.148101,0.608861,0
-0.11519,0.608861,0
-0.0822785,0.608861,0
-0.0493671,0.608861,0
-0.0164558,0.608861,0
0.0164558,0.608861,0
0.0493671,0.608861,0
0.0822785,0.608861,0
0.11519,0.608861,0
0.148101,0.608861,0
0.181013,0.608861,0
0.213924,0.608861,2
0.246835,0.608861,0
0.279747,0.608861,0
0.312658,0.608861,0
0.34557,0.608861,2
0.378481,0.608861,2
0.411392,0.608861,2
0.444304,0.608861,2
0.477215,0.608861,2
0.510127,0.608861,2
0.543038,0.608861,2
0.575949,0.608861,1
0.608861,0.608861,1
0.641772,0.608861,1
0.674684,0.608861,1
0.707595,0.608861,1
0.740506,0.608861,1
0.773418,0.608861,1
0.806329,0.608861,1
0.839241,0.608861,1
0.872152,0.608861,1
0.905063,0.608861,1
0.937975,0.608861,1
0.970886,0.608861,1
1.0038,0.608861,1
1.03671,0.608861,1
1.06962,0.608861,1
1.10253,0.608861,1
1.13544,0.608861,1
1.16835,0.608861,1
1.20127,0.608861,1
1.23418,0.608861,0
1.26709,0.608861,0
1.3,0.608861,0
-1.3,0.641772,2
-1.26709,0.641772,2
-1.23418,0.641772,2
-1.20127,0.641772,2
-1.16835,0.641772,2
-1.13544,0.641772,2
-1.10253,0.641772,2
-1.06962,0.641772,2
-1.03671,0.641772,2
-1.0038,0.641772,2
-0.970886,0.641772,2
-0.937975,0.641772,2
-0.905063,0.641772,2
-0.872152,0.641772,2
-0.83924,0.641772,2
-0.806329,0.641772,2
-0.773418,0.641772,2
-0.740506,0.641772,2
-0.707595,0.641772,2
-0.674684,0.641772,2
-0.641772,0.641772,2
-0.608861,0.641772,2
-0.575949,0.641772,2
-0.543038,0.641772,2
-0.510127,0.641772,2
-0.477215,0.641772,2
-0.444304,0.641772,0
-0.411392,0.641772,0
-0.378481,0.641772,0
-0.34557,0.641772,0
-0.312658,0.641772,0
-0.279747,0.641772,0
-0.246835,0.641772,0
-0.213924,0.641772,0
-0.181013,0.641772,0
-0.148101,0.641772,0
-0.11519,0.641772,0
-0.0822785,0.641772,0
-0.0493671,0.641772,0
-0.0164558,0.641772,0
0.0164558,0.641772,0
0.0493671,0.641772,0
0.0822785,0.641772,0
0.11519,0.641772,2
0.148101,0.641772,2
0.181013,0.641772,2
0.213924,0.641772,2
0.246835,0.641772,2
0.279747,0.641772,2
0.312658,0.641772,2
0.34557,0.641772,2
0.378481,0.641772,2
0.411392,0.641772,2
0.444304,0.641772,2
0.477215,0.641772,2
0.510127,0.641772,2
0.543038,0.641772,1
0.575949,0.641772,1
0.608861,0.641772,1
0.641772,0.641772,1
0.674684,0.641772,1
0.707595,0.641772,1
0.740506,0.641772,1
0.773418,0.641772,1
0.806329,0.641772,1
0.839241,0.641772,1
0.872152,0.641772,1
0.905063,0.641772,1
0.937975,0.641772,1
0.970886,0.641772,1
1.0038,0.641772,1
1.03671,0.641772,1
1.06962,0.641772,1
1.10253,0.641772,1
1.13544,0.641772,1
1.16835,0.641772,1
1.20127,0.641772,1
1.23418,0.641772,0
1.26709,0.641772,0
1.3,0.641772,0
-1.3,0.674684,2
-1.26709,0.674684,2
-1.23418,0.674684,2
-1.20127,0.674684,2
-1.16835,0.674684,2
-1.13544,0.674684,2
-1.10253,0.674684,2
-1.06962,0.674684,2
-1.03671,0.674684,2
-1.0038,0.674684,2
-0.970886,0.674684,2
-0.937975,0.674684,2
-0.905063,0.674684,2
-0.872152,0.674684,2
-0.83924,0.674684,2
-0.806329,0.674684,2
-0.773418,0.674684,2
-0.740506,0.674684,2
-0.707595,0.674684,2
-0.674684,0.674684,2
-0.641772,0.674684,2
-0.608861,0.674684,2
-0.575949,0.674684,2
-0.543038,0.674684,2
-0.510127,0.674684,2
-0.477215,0.674684,2
-0.444304,0.674684,2
-0.411392,0.674684,0
-0.378481,0.674684,0
-0.34557,0.674684,0
-0.312658,0.674684,0
-0.279747,0.674684,0
-0.246835,0.674684,0
-0.213924,0.674684,0
-0.181013,0.674684,0
-0.148101,0.674684,0
-0.11519,0.674684,0
-0.0822785,0.674684,0
-0.0493671,0.674684,2
-0.0164558,0.674684,2
0.0164558,0.674684,2
0.0493671,0.674684,2
0.0822785,0.674684,2
0.11519,0.674684,2
0.148101,0.674684,2
0.181013,0.674684,2
0.213924,0.674684,2
0.246835,0.674684,2
0.279747,0.674684,2
0.312658,0.674684,2
0.34557,0.674684,2
0.378481,0.674684,2
0.411392,0.674684,2
0.444304,0.674684,2
0.477215,0.674684,2
0.510127,0.674684,1
0.543038,0.674684,1
0.575949,0.674684,1
0.608861,0.674684,1
0.641772,0.674684,1
0.674684,0.674684,1
0.707595,0.674684,1
0.740506,0.674684,1
0.773418,0.674684,1
0.806329,0.674684,1
0.839241,0.674684,1
0.872152,0.674684,1
0.905063,0.674684,1
0.937975,0.674684,1
0.970886,0.674684,1
1.0038,0.674684,1
1.03671,0.674684,1
1.06962,0.674684,1
1.10253,0.674684,1
1.13544,0.674684,1
1.16835,0.674684,1
1.20127,0.674684,1
1.23418,0.674684,0
1.26709,0.674684,0
1.3,0.674684,0
-1.3,0.707595,2
-1.26709,0.707595,2
-1.23418,0.707595,2
-1.20127,0.707595,2
-1.16835,0.707595,2
-1.13544,0.707595,2
-1.10253,0.707595,2
-1.06962,0.707595,2
-1.03671,0.707595,2
-1.0038,0.707595,2
-0.970886,0.707595,2
-0.937975,0.707595,2
-0.905063,0.707595,2
-0.872152,0.707595,2
-0.83924,0.707595,2
-0.806329,0.707595,2
-0.773418,0.707595,2
-0.740506,0.707595,2
-0.707595,0.707595,2
-0.674684,0.707595,2
-0.641772,0.707595,2
-0.608861,0.707595,2
-0.575949,0.707595,2
-0.543038,0.707595,2
-0.510127,0.707595,2
-0.477215,0.707595,2
-0.444304,0.707595,2
-0.411392,0.707595,2
-0.378481,0.707595,2
-0.34557,0.707595,0
-0.312658,0.707595,0
-0.279747,0.707595,0
-0.246835,0.707595,0
-0.213924,0.707595,0
-0.181013,0.707595,2
-0.148101,0.707595,2
-0.11519,0.707595,2
-0.0822785,0.707595,2
-0.0493671,0.707595,2
-0.0164558,0.707595,2
0.0164558,0.707595,2
0.0493671,0.707595,2
0.0822785,0.707595,2
0.11519,0.707595,2
0.148101,0.707595,2
0.181013,0.707595,2
0.213924,0.707595,2
0.246835,0.707595,2
0.279747,0.707595,2
0.312658,0.707595,2
0.34557,0.707595,2
0.378481,0.707595,2
0.411392,0.707595,2
0.444304,0.707595,2
0.477215,0.707595,1
0.510127,0.707595,1
0.543038,0.707595,1
0.575949,0.707595,1
0.608861,0.707595,1
0.641772,0.707595,1
0.674684,0.707595,1
0.707595,0.707595,1
0.740506,0.707595,1
0.773418,0.707595,1
0.806329,0.707595,1
0.839241,0.707595,1
0.872152,0.707595,1
0.905063,0.707595,1
0.937975,0.707595,1
0.970886,0.707595,1
1.0038,0.707595,1
1.03671,0.707595,1
1.06962,0.707595,1
1.10253,0.707595,1
1.13544,0.707595,1
1.16835,0.707595,1
1.20127,0.707595,1
1.23418,0.707595,0
1.26709,0.707595,0
1.3,0.707595,0
-1.3,0.740506,2
-1.26709,0.740506,2
-1.23418,0.740506,2
-1.20127,0.740506,2
-1.16835,0.740506,2
-1.13544,0.740506,2
-1.10253,0.740506,2
-1.06962,0.740506,2
-1.03671,0.740506,2
-1.0038,0.740506,2
-0.970886,0.740506,2
-0.937975,0.740506,2
-0.905063,0.740506,2
-0.872152,0.740506,2
-0.83924,0.740506,2
-0.806329,0.740506,2
-0.773418,0.740506,2
-0.740506,0.740506,2
-0.707595,0.740506,2
-0.674684,0.740506,2
-0.641772,0.740506,2
-0.608861,0.740506,2
-0.575949,0.740506,2
-0.543038,0.740506,2
-0.510127,0.740506,2
-0.477215,0.740506,2
-0.444304,0.740506,2
-0.411392,0.740506,2
-0.378481,0.740506,2
-0.34557,0.740506,2
-0.312658,0.740506,2
-0.279747,0.740506,2
-0.246835,0.740506,2
-0.213924,0.740506,2
-0.181013,0.740506,2
-0.148101,0.740506,2
-0.11519,0.740506,2
-0.0822785,0.740506,2
-0.0493671,0.740506,2
-0.0164558,0.740506,2
0.0164558,0.740506,2
0.0493671,0.740506,2
0.0822785,0.740506,2
0.11519,0.740506,2
0.148101,0.740506,2
0.181013,0.740506,2
0.213924,0.740506,2
0.246835,0.740506,2
0.279747,0.740506,2
0.312658,0.740506,2
0.34557,0.740506,2
0.378481,0.740506,2
0.411392,0.740506,1
0.444304,0.740506,1
0.477215,0.740506,1
0.510127,0.740506,1
0.543038,0.740506,1
0.575949,0.740506,1
0.608861,0.740506,1
0.641772,0.740506,1
0.674684,0.740506,1
0.707595,0.740506,1
0.740506,0.740506,1
0.773418,0.740506,1
0.806329,0.740506,1
0.839241,0.740506,1
0.872152,0.740506,1
0.905063,0.740506,1
0.937975,0.740506,1
0.970886,0.740506,1
1.0038,0.740506,1
1.03671,0.740506,1
1.06962,0.740506,1
1.10253,0.740506,1
1.13544,0.740506,1
1.16835,0.740506,1
1.20127,0.740506,1
1.23418,0.740506,0
1.26709,0.740506,0
1.3,0.740506,0
-1.3,0.773418,2
-1.26709,0.773418,2
-1.23418,0.773418,2
-1.20127,0.773418,2
-1.16835,0.773418,2
-1.13544,0.773418,2
-1.10253,0.773418,2
-1.06962,0.773418,2
-1.03671,0.773418,2
-1.0038,0.773418,2
-0.970886,0.773418,2
-0.937975,0.773418,2
-0.905063,0.773418,2
-0.872152,0.773418,2
-0.83924,0.773418,2
-0.806329,0.773418,2
-0.773418,0.773418,2
-0.740506,0.773418,2
-0.707595,0.773418,2
-0.674684,0.773418,2
-0.641772,0.773418,2
-0.608861,0.773418,2
-0.575949,0.773418,2
-0.543038,0.773418,2
-0.510127,0.773418,2
-0.477215,0.773418,2
-0.444304,0.773418,2
-0.411392,0.773418,2
-0.378481,0.773418,2
-0.34557,0.773418,2
-0.312658,0.773418,2
-0.279747,0.773418,2
-0.246835,0.773418,2
-0.213924,0.773418,2
-0.181013,0.773418,2
-0.148101,0.773418,2
-0.11519,0.773418,2
-0.0822785,0.773418,2
-0.0493671,0.773418,2
-0.0164558,0.773418,2
0.0164558,0.773418,2
0.0493671,0.773418,2
0.0822785,0.773418,2
0.11519,0.773418,2
0.148101,0.773418,2
0.181013,0.773418,2
0.213924,0.773418,2
0.246835,0.773418,2
0.279747,0.773418,2
0.312658,0.773418,1
0.34557,0.773418,1
0.378481,0.773418,1
0.411392,0.773418,1
0.444304,0.773418,1
0.477215,0.773418,1
0.510127,0.773418,1
0.543038,0.773418,1
0.575949,0.773418,1
0.608861,0.773418,1
0.641772,0.773418,1
0.674684,0.773418,1
0.707595,0.773418,1
0.740506,0.773418,1
0.773418,0.773418,1
0.806329,0.773418,1
0.839241,0.773418,1
0.872152,0.773418,1
0.905063,0.773418,1
0.937975,0.773418,1
0.970886,0.773418,1
1.0038,0.773418,1
1.03671,0.773418,1
1.06962,0.773418,1
1.10253,0.773418,1
1.13544,0.773418,1
1.16835,0.773418,1
1.20127,0.773418,1
1.23418,0.773418,0
1.26709,0.773418,0
1.3,0.773418,0
-1.3,0.806329,1
-1.26709,0.806329,1
-1.23418,0.806329,1
-1.20127,0.806329,1
-1.16835,0.806329,1
-1.13544,0.806329,1
-1.10253,0.806329,1
-1.06962,0.806329,1
-1.03671,0.806329,1
-1.0038,0.806329,1
-0.970886,0.806329,1
-0.937975,0.806329,1
-0.905063,0.806329,2
-0.872152,0.806329,2
-0.83924,0.806329,2
-0.806329,0.806329,2
-0.773418,0.806329,2
-0.740506,0.806329,2
-0.707595,0.806329,2
-0.674684,0.806329,2
-0.641772,0.806329,2
-0.608861,0.806329,2
-0.575949,0.806329,2
-0.543038,0.806329,2
-0.510127,0.806329,2
-0.477215,0.806329,2
-0.444304,0.806329,2
-0.411392,0.806329,2
-0.378481,0.806329,2
-0.34557,0.806329,2
-0.312658,0.806329,2
-0.279747,0.806329,2
-0.246835,0.806329,2
-0.213924,0.806329,2
-0.181013,0.806329,2
-0.148101,0.806329,2
-0.11519,0.806329,2
-0.0822785,0.806329,2
-0.0493671,0.806329,2
-0.0164558,0.806329,2
0.0164558,0.806329,2
0.0493671,0.806329,2
0.0822785,0.806329,2
0.11519,0.806329,2
0.148101,0.806329,2
0.181013,0.806329,2
0.213924,0.806329,1
0.246835,0.806329,1
0.279747,0.806329,1
0.312658,0.806329,1
0.34557,0.806329,1
0.378481,0.806329,1
0.411392,0.806329,1
0.444304,0.806329,1
0.477215,0.806329,1
0.510127,0.806329,1
0.543038,0.806329,1
0.575949,0.806329,1
0.608861,0.806329,1
0.641772,0.806329,1
0.674684,0.806329,1
0.707595,0.806329,1
0.740506,0.806329,1
0.773418,0.806329,1
0.806329,0.806329,1
0.839241,0.806329,1
0.872152,0.806329,1
0.905063,0.806329,1
0.937975,0.806329,1
0.970886,0.806329,1
1.0038,0.806329,1
1.03671,0.806329,1
1.06962,0.806329,1
1.10253,0.806329,1
1.13544,0.806329,1
1.16835,0.806329,1
1.20127,0.806329,0
1.23418,0.806329,0
1.26709,0.806329,0
1.3,0.806329,0
-1.3,0.839241,1
-1.26709,0.839241,1
-1.23418,0.839241,1
-1.20127,0.839241,1
-1.16835,0.839241,1
-1.13544,0.839241,1
-1.10253,0.839241,1
-1.06962,0.839241,1
-1.03671,0.839241,1
-1.0038,0.839241,1
-0.970886,0.839241,1
-0.937975,0.839241,1
-0.905063,0.839241,1
-0.872152,0.839241,1
-0.83924,0.839241,1
-0.806329,0.839241,1
-0.773418,0.839241,1
-0.740506,0.839241,2
-0.707595,0.839241,2
-0.674684,0.839241,2
-0.641772,0.839241,2
-0.608861,0.839241,2
-0.575949,0.839241,2
-0.543038,0.839241,2
-0.510127,0.839241,2
-0.477215,0.839241,2
-0.444304,0.839241,2
-0.411392,0.839241,2
-0.378481,0.839241,2
-0.34557,0.839241,2
-0.312658,0.839241,2
-0.279747,0.839241,2
-0.246835,0.839241,2
-0.213924,0.839241,2
-0.181013,0.839241,2
-0.148101,0.839241,2
-0.11519,0.839241,2
-0.0822785,0.839241,1
-0.0493671,0.839241,1
-0.0164558,0.839241,1
0.0164558,0.839241,1
0.0493671,0.839241,1
0.0822785,0.839241,1
0.11519,0.839241,1
0.148101,0.839241,1
0.181013,0.839241,1
0.213924,0.839241,1
0.246835,0.839241,1
0.279747,0.839241,1
0.312658,0.839241,1
0.34557,0.839241,1
0.378481,0.839241,1
0.411392,0.839241,1
0.444304,0.839241,1
0.477215,0.839241,1
0.510127,0.839241,1
0.543038,0.839241,1
0.575949,0.839241,1
0.608861,0.839241,1
0.641772,0.839241,1
0.674684,0.839241,1
0.707595,0.839241,1
0.740506,0.839241,1
0.773418,0.839241,1
0.806329,0.839241,1
0.839241,0.839241,1
0.872152,0.839241,1
0.905063,0.839241,1
0.937975,0.839241,1
0.970886,0.839241,1
1.0038,0.839241,1
1.03671,0.839241,1
1.06962,0.839241,1
1.10253,0.839241,1
1.13544,0.839241,1
1.16835,0.839241,1
1.20127,0.839241,0
1.23418,0.839241,0
1.26709,0.839241,0
1.3,0.839241,0
-1.3,0.872152,1
-1.26709,0.872152,1
-1.23418,0.872152,1
-1.20127,0.872152,1
-1.16835,0.872152,1
-1.13544,0.872152,1
-1.10253,0.872152,1
-1.06962,0.872152,1
-1.03671,0.872152,1
-1.0038,0.872152,1
-0.970886,0.872152,1
-0.937975,0.872152,1
-0.905063,0.872152,1
-0.872152,0.872152,1
-0.83924,0.872152,1
-0.806329,0.872152,1
-0.773418,0.872152,1
-0.740506,0.872152,1
-0.707595,0.872152,1
-0.674684,0.872152,2
-0.641772,0.872152,2
-0.608861,0.872152,2
-0.575949,0.872152,2
-0.543038,0.872152,2
-0.510127,0.872152,2
-0.477215,0.872152,2
-0.444304,0.872152,2
-0.411392,0.872152,2
-0.378481,0.872152,2
-0.34557,0.872152,2
-0.312658,0.872152,2
-0.279747,0.872152,2
-0.246835,0.872152,1
-0.213924,0.872152,1
-0.181013,0.872152,1
-0.148101,0.872152,1
-0.11519,0.872152,1
-0.0822785,0.872152,1
-0.0493671,0.872152,1
-0.0164558,0.872152,1
0.0164558,0.872152,1
0.0493671,0.872152,1
0.0822785,0.872152,1
0.11519,0.872152,1
0.148101,0.872152,1
0.181013,0.872152,1
0.213924,0.872152,1
0.246835,0.872152,1
0.279747,0.872152,1
0.312658,0.872152,1
0.34557,0.872152,1
0.378481,0.872152,1
0.411392,0.872152,1
0.444304,0.872152,1
0.477215,0.872152,1
0.510127,0.872152,1
0.543038,0.872152,1
0.575949,0.872152,1
0.608861,0.872152,1
0.641772,0.872152,1
0.674684,0.872152,1
0.707595,0.872152,1
0.740506,0.872152,1
0.773418,0.872152,1
0.806329,0.872152,1
0.839241,0.872152,1
0.872152,0.872152,1
0.905063,0.872152,1
0.937975,0.872152,1
0.970886,0.872152,1
1.0038,0.872152,1
1.03671,0.872152,1
1.06962,0.872152,1
1.10253,0.872152,1
1.13544,0.872152,1
1.16835,0.872152,1
1.20127,0.872152,0
1.23418,0.872152,0
1.26709,0.872152,0
1.3,0.872152,0
-1.3,0.905063,1
-1.26709,0.905063,1
-1.23418,0.905063,1
-1.20127,0.905063,1
-1.16835,0.905063,1
-1.13544,0.905063,1
-1.10253,0.905063,1
-1.06962,0.905063,1
-1.03671,0.905063,1
-1.0038,0.905063,1
-0.970886,0.905063,1
-0.937975,0.905063,1
-0.905063,0.905063,1
-0.872152,0.905063,1
-0.83924,0.905063,1
-0.806329,0.905063,1
-0.773418,0.905063,1
-0.740506,0.905063,1
-0.707595,0.905063,1
-0.674684,0.905063,1
-0.641772,0.905063,1
-0.608861,0.905063,1
-0.575949,0.905063,2
-0.543038,0.905063,2
-0.510127,0.905063,2
-0.477215,0.905063,2
-0.444304,0.905063,2
-0.411392,0.905063,2
-0.378481,0.905063,2
-0.34557,0.905063,1
-0.312658,0.905063,1
-0.279747,0.905063,1
-0.246835,0.905063,1
-0.213924,0.905063,1
-0.181013,0.905063,1
-0.148101,0.905063,1
-0.11519,0.905063,1
-0.0822785,0.905063,1
-0.0493671,0.905063,1
-0.0164558,0.905063,1
0.0164558,0.905063,1
0.0493671,0.905063,1
0.0822785,0.905063,1
0.11519,0.905063,1
0.148101,0.905063,1
0.181013,0.905063,1
0.213924,0.905063,1
0.246835,0.905063,1
0.279747,0.905063,1
0.312658,0.905063,1
0.34557,0.905063,1
0.378481,0.905063,1
0.411392,0.905063,1
0.444304,0.905063,1
0.477215,0.905063,1
0.510127,0.905063,1
0.543038,0.905063,1
0.575949,0.905063,1
0.608861,0.905063,1
0.641772,0.905063,1
0.674684,0.905063,1
0.707595,0.905063,1
0.740506,0.905063,1
0.773418,0.905063,1
0.806329,0.905063,1
0.839241,0.905063,1
0.872152,0.905063,1
0.905063,0.905063,1
0.937975,0.905063,1
0.970886,0.905063,1
1.0038,0.905063,1
1.03671,0.905063,1
1.06962,0.905063,1
1.10253,0.905063,1
1.13544,0.905063,1
1.16835,0.905063,0
1.20127,0.905063,0
1.23418,0.905063,0
1.26709,0.905063,0
1.3,0.905063,0
-1.3,0.937975,1
-1.26709,0.937975,1
-1.23418,0.937975,1
-1.20127,0.937975,1
-1.16835,0.937975,1
-1.13544,0.937975,1
-1.10253,0.937975,1
-1.06962,0.937975,1
-1.03671,0.937975,1
-1.0038,0.937975,1
-0.970886,0.937975,1
-0.937975,0.937975,1
-0.905063,0.937975,1
-0.872152,0.937975,1
-0.83924,0.937975,1
-0.806329,0.937975,1
-0.773418,0.937975,1
-0.740506,0.937975,1
-0.707595,0.937975,1
-0.674684,0.937975,1
-0.641772,0.937975,1
-0.608861,0.937975,1
-0.575949,0.937975,1
-0.543038,0.937975,1
-0.510127,0.937975,1
-0.477215,0.937975,1
-0.444304,0.937975,1
-0.411392,0.937975,1
-0.378481,0.937975,1
-0.34557,0.937975,1
-0.312658,0.937975,1
-0.279747,0.937975,1
-0.246835,0.937975,1
-0.213924,0.937975,1
-0.181013,0.937975,1
-0.148101,0.937975,1
-0.11519,0.937975,1
-0.0822785,0.937975,1
-0.0493671,0.937975,1
-0.0164558,0.937975,1
0.0164558,0.937975,1
0.0493671,0.937975,1
0.0822785,0.937975,1
0.11519,0.937975,1
0.148101,0.937975,1
0.181013,0.937975,1
0.213924,0.937975,1
0.246835,0.937975,1
0.279747,0.937975,1
0.312658,0.937975,1
0.34557,0.937975,1
0.378481,0.937975,1
0.411392,0.937975,1
0.444304,0.937975,1
0.477215,0.937975,1
0.510127,0.937975,1
0.543038,0.937975,1
0.575949,0.937975,1
0.608861,0.937975,1
0.641772,0.937975,1
0.674684,0.937975,1
0.707595,0.937975,1
0.740506,0.937975,1
0.773418,0.937975,1
0.806329,0.937975,1
0.839241,0.937975,1
0.872152,0.937975,1
0.905063,0.937975,1
0.937975,0.937975,1
0.970886,0.937975,1
1.0038,0.937975,1
1.03671,0.937975,1
1.06962,0.937975,1
1.10253,0.937975,1
1.13544,0.937975,1
1.16835,0.937975,0
1.20127,0.937975,0
1.23418,0.937975,0
1.26709,0.937975,0
1.3,0.937975,0
-1.3,0.970886,1
-1.26709,0.970886,1
-1.23418,0.970886,1
-1.20127,0.970886,1
-1.16835,0.970886,1
-1.13544,0.970886,1
-1.10253,0.970886,1
-1.06962,0.970886,1
-1.03671,0.970886,1
-1.0038,0.970886,1
-0.970886,0.970886,1
-0.937975,0.970886,1
-0.905063,0.970886,1
-0.872152,0.970886,1
-0.83924,0.970886,1
-0.806329,0.970886,1
-0.773418,0.970886,1
-0.740506,0.970886,1
-0.707595,0.970886,1
-0.674684,0.970886,1
-0.641772,0.970886,1
-0.608861,0.970886,1
-0.575949,0.970886,1
-0.543038,0.970886,1
-0.510127,0.970886,1
-0.477215,0.970886,1
-0.444304,0.970886,1
-0.411392,0.970886,1
-0.378481,0.970886,1
-0.34557,0.970886,1
-0.312658,0.970886,1
-0.279747,0.970886,1
-0.246835,0.970886,1
-0.213924,0.970886,1
-0.181013,0.970886,1
-0.148101,0.970886,1
-0.11519,0.970886,1
-0.0822785,0.970886,1
-0.0493671,0.970886,1
-0.0164558,0.970886,1
0.0164558,0.970886,1
0.0493671,0.970886,1
0.0822785,0.970886,1
0.11519,0.970886,1
0.148101,0.970886,1
0.181013,0.970886,1
0.213924,0.970886,1
0.246835,0.970886,1
0.279747,0.970886,1
0.312658,0.970886,1
0.34557,0.970886,1
0.378481,0.970886,1
0.411392,0.970886,1
0.444304,0.970886,1
0.477215,0.970886,1
0.510127,0.970886,1
0.543038,0.970886,1
0.575949,0.970886,1
0.608861,0.970886,1
0.641772,0.970886,1
0.674684,0.970886,1
0.707595,0.970886,1
0.740506,0.970886,1
0.773418,0.970886,1
0.806329,0.970886,1
0.839241,0.970886,1
0.872152,0.970886,1
0.905063,0.970886,1
0.937975,0.970886,1
0.970886,0.970886,1
1.0038,0.970886,1
1.03671,0.970886,1
1.06962,0.970886,1
1.10253,0.970886,1
1.13544,0.970886,1
1.16835,0.970886,0
1.20127,0.970886,0
1.23418,0.970886,0
1.26709,0.970886,0
1.3,0.970886,0
-1.3,1.0038,1
-1.26709,1.0038,1
-1.23418,1.0038,1
-1.20127,1.0038,1
-1.16835,1.0038,1
-1.13544,1.0038,1
-1.10253,1.0038,1
-1.06962,1.0038,1
-1.03671,1.0038,1
-1.0038,1.0038,1
-0.970886,1.0038,1
-0.937975,1.0038,1
-0.905063,1.0038,1
-0.872152,1.0038,1
-0.83924,1.0038,1
-0.806329,1.0038,1
-0.773418,1.0038,1
-0.740506,1.0038,1
-0.707595,1.0038,1
-0.674684,1.0038,1
-0.641772,1.0038,1
-0.608861,1.0038,1
-0.575949,1.0038,1
-0.543038,1.0038,1
-0.510127,1.0038,1
-0.477215,1.0038,1
-0.444304,1.0038,1
-0.411392,1.0038,1
-0.378481,1.0038,1
-0.34557,1.0038,1
-0.312658,1.0038,1
-0.279747,1.0038,1
-0.246835,1.0038,1
-0.213924,1.0038,1
-0.181013,1.0038,1
-0.148101,1.0038,1
-0.11519,1.0038,1
-0.0822785,1.0038,1
-0.0493671,1.0038,1
-0.0164558,1.0038,1
0.0164558,1.0038,1
0.0493671,1.0038,1
0.0822785,1.0038,1
0.11519,1.0038,1
0.148101,1.0038,1
0.181013,1.0038,1
0.213924,1.0038,1
0.246835,1.0038,1
0.279747,1.0038,1
0.312658,1.0038,1
0.34557,1.0038,1
0.378481,1.0038,1
0.411392,1.0038,1
0.444304,1.0038,1
0.477215,1.0038,1
0.510127,1.0038,1
0.543038,1.0038,1
0.575949,1.0038,1
0.608861,1.0038,1
0.641772,1.0038,1
0.674684,1.0038,1
0.707595,1.0038,1
0.740506,1.0038,1
0.773418,1.0038,1
0.806329,1.0038,1
0.839241,1.0038,1
0.872152,1.0038,1
0.905063,1.0038,1
0.937975,1.0038,1
0.970886,1.0038,1
1.0038,1.0038,1
1.03671,1.0038,1
1.06962,1.0038,1
1.10253,1.0038,1
1.13544,1.0038,0
1.16835,1.0038,0
1.20127,1.0038,0
1.23418,1.0038,0
1.26709,1.0038,0
1.3,1.0038,0
-1.3,1.03671,1
-1.26709,1.03671,1
-1.23418,1.03671,1
-1.20127,1.03671,1
-1.16835,1.03671,1
-1.13544,1.03671,1
-1.10253,1.03671,1
-1.06962,1.03671,1
-1.03671,1.03671,1
-1.0038,1.03671,1
-0.970886,1.03671,1
-0.937975,1.03671,1
-0.905063,1.03671,1
-0.872152,1.03671,1
-0.83924,1.03671,1
-0.806329,1.03671,1
-0.773418,1.03671,1
-0.740506,1.03671,1
-0.707595,1.03671,1
-0.674684,1.03671,1
-0.641772,1.03671,1
-0.608861,1.03671,1
-0.575949,1.03671,1
-0.543038,1.03671,1
-0.510127,1.03671,1
-0.477215,1.03671,1
-0.444304,1.03671,1
-0.411392,1.03671,1
-0.378481,1.03671,1
-0.34557,1.03671,1
-0.312658,1.03671,1
-0.279747,1.03671,1
-0.246835,1.03671,1
-0.213924,1.03671,1
-0.181013,1.03671,1
-0.148101,1.03671,1
-0.11519,1.03671,1
-0.0822785,1.03671,1
-0.0493671,1.03671,1
-0.0164558,1.03671,1
0.0164558,1.03671,1
0.0493671,1.03671,1
0.0822785,1.03671,1
0.11519,1.03671,1
0.148101,1.03671,1
0.181013,1.03671,1
0.213924,1.03671,1
0.246835,1.03671,1
0.279747,1.03671,1
0.312658,1.03671,1
0.34557,1.03671,1
0.378481,1.03671,1
0.411392,1.03671,1
0.444304,1.03671,1
0.477215,1.03671,1
0.510127,1.03671,1
0.543038,1.03671,1
0.575949,1.03671,1
0.608861,1.03671,1
0.641772,1.03671,1
0.674684,1.03671,1
0.707595,1.03671,1
0.740506,1.03671,1
0.773418,1.03671,1
0.806329,1.03671,1
0.839241,1.03671,1
0.872152,1.03671,1
0.905063,1.03671,1
0.937975,1.03671,1
0.970886,1.03671,1
1.0038,1.03671,1
1.03671,1.03671,1
1.06962,1.03671,1
1.10253,1.03671,1
1.13544,1.03671,0
1.16835,1.03671,0
1.20127,1.03671,0
1.23418,1.03671,0
1.26709,1.03671,0
1.3,1.03671,0
-1.3,1.06962,1
-1.26709,1.06962,1
-1.23418,1.06962,1
-1.20127,1.06962,1
-1.16835,1.06962,1
-1.13544,1.06962,1
-1.10253,1.06962,1
-1.06962,1.06962,1
-1.03671,1.06962,1
-1.0038,1.06962,1
-0.970886,1.06962,1
-0.937975,1.06962,1
-0.905063,1.06962,1
-0.872152,1.06962,1
-0.83924,1.06962,1
-0.806329,1.06962,1
-0.773418,1.06962,1
-0.740506,1.06962,1
-0.707595,1.06962,1
-0.674684,1.06962,1
-0.641772,1.06962,1
-0.608861,1.06962,1
-0.575949,1.06962,1
-0.543038,1.06962,1
-0.510127,1.06962,1
-0.477215,1.06962,1
-0.444304,1.06962,1
-0.411392,1.06962,1
-0.378481,1.06962,1
-0.34557,1.06962,1
-0.312658,1.06962,1
-0.279747,1.06962,1
-0.246835,1.06962,1
-0.213924,1.06962,1
-0.181013,1.06962,1
-0.148101,1.06962,1
-0.11519,1.06962,1
-0.0822785,1.06962,1
-0.0493671,1.06962,1
-0.0164558,1.06962,1
0.0164558,1.06962,1
0.0493671,1.06962,1
0.0822785,1.06962,1
0.11519,1.06962,1
0.148101,1.06962,1
0.181013,1.06962,1
0.213924,1.06962,1
0.246835,1.06962,1
0.279747,1.06962,1
0.312658,1.06962,1
0.34557,1.06962,1
0.378481,1.06962,1
0.411392,1.06962,1
0.444304,1.06962,1
0.477215,1.06962,1
0.510127,1.06962,1
0.543038,1.06962,1
0.575949,1.06962,1
0.608861,1.06962,1
0.641772,1.06962,1
0.674684,1.06962,1
0.707595,1.06962,1
0.740506,1.06962,1
0.773418,1.06962,1
0.806329,1.06962,1
0.839241,1.06962,1
0.872152,1.06962,1
0.905063,1.06962,1
0.937975,1.06962,1
0.970886,1.06962,1
1.0038,1.06962,1
1.03671,1.06962,1
1.06962,1.06962,1
1.10253,1.06962,1
1.13544,1.06962,0
1.16835,1.06962,0
1.20127,1.06962,0
1.23418,1.06962,0
1.26709,1.06962,0
1.3,1.06962,0
-1.3,1.10253,1
-1.26709,1.10253,1
-1.23418,1.10253,1
-1.20127,1.10253,1
-1.16835,1.10253,1
-1.13544,1.10253,1
-1.10253,1.10253,1
-1.06962,1.10253,1
-1.03671,1.10253,1
-1.0038,1.10253,1
-0.970886,1.10253,1
-0.937975,1.10253,1
-0.905063,1.10253,1
-0.872152,1.10253,1
-0.83924,1.10253,1
-0.806329,1.10253,1
-0.773418,1.10253,1
-0.740506,1.10253,1
-0.707595,1.10253,1
-0.674684,1.10253,1
-0.641772,1.10253,1
-0.608861,1.10253,1
-0.575949,1.10253,1
-0.543038,1.10253,1
-0.510127,1.10253,1
-0.477215,1.10253,1
-0.444304,1.10253,1
-0.411392,1.10253,1
-0.378481,1.10253,1
-0.34557,1.10253,1
-0.312658,1.10253,1
-0.279747,1.10253,1
-0.246835,1.10253,1
-0.213924,1.10253,1
-0.181013,1.10253,1
-0.148101,1.10253,1
-0.11519,1.10253,1
-0.0822785,1.10253,1
-0.0493671,1.10253,1
-0.0164558,1.10253,1
0.0164558,1.10253,1
0.0493671,1.10253,1
0.0822785,1.10253,1
0.11519,1.10253,1
0.148101,1.10253,1
0.181013,1.10253,1
0.213924,1.10253,1
0.246835,1.10253,1
0.279747,1.10253,1
0.312658,1.10253,1
0.34557,1.10253,1
0.378481,1.10253,1
0.411392,1.10253,1
0.444304,1.10253,1
0.477215,1.10253,1
0.510127,1.10253,1
0.543038,1.10253,1
0.575949,1.10253,1
0.608861,1.10253,1
0.641772,1.10253,1
0.674684,1.10253,1
0.707595,1.10253,1
0.740506,1.10253,1
0.773418,1.10253,1
0.806329,1.10253,1
0.839241,1.10253,1
0.872152,1.10253,1
0.905063,1.10253,1
0.937975,1.10253,1
0.970886,1.10253,1
1.0038,1.10253,1
1.03671,1.10253,1
1.06962,1.10253,1
1.10253,1.10253,0
1.13544,1.10253,0
1.16835,1.10253,0
1.20127,1.10253,0
1.23418,1.10253,0
1.26709,1.10253,0
1.3,1.10253,0
-1.3,1.13544,1
-1.26709,1.13544,1
-1.23418,1.13544,1
-1.20127,1.13544,1
-1.16835,1.13544,1
-1.13544,1.13544,1
-1.10253,1.13544,1
-1.06962,1.13544,1
-1.03671,1.13544,1
-1.0038,1.13544,1
-0.970886,1.13544,1
-0.937975,1.13544,1
-0.905063,1.13544,1
-0.872152,1.13544,1
-0.83924,1.13544,1
-0.806329,1.13544,1
-0.773418,1.13544,1
-0.740506,1.13544,1
-0.707595,1.13544,1
-0.674684,1.13544,1
-0.641772,1.13544,1
-0.608861,1.13544,1
-0.575949,1.13544,1
-0.543038,1.13544,1
-0.510127,1.13544,1
-0.477215,1.13544,1
-0.444304,1.13544,1
-0.411392,1.13544,1
-0.378481,1.13544,1
-0.34557,1.13544,1
-0.312658,1.13544,1
-0.279747,1.13544,1
-0.246835,1.13544,1
-0.213924,1.13544,1
-0.181013,1.13544,1
-0.148101,1.13544,1
-0.11519,1.13544,1
-0.0822785,1.13544,1
-0.0493671,1.13544,1
-0.0164558,1.13544,1
0.0164558,1.13544,1
0.0493671,1.13544,1
0.0822785,1.13544,1
0.11519,1.13544,1
0.148101,1.13544,1
0.181013,1.13544,1
0.213924,1.13544,1
0.246835,1.13544,1
0.279747,1.13544,1
0.312658,1.13544,1
0.34557,1.13544,1
0.378481,1.13544,1
0.411392,1.13544,1
0.444304,1.13544,1
0.477215,1.13544,1
0.510127,1.13544,1
0.543038,1.13544,1
0.575949,1.13544,1
0.608861,1.13544,1
0.641772,1.13544,1
0.674684,1.13544,1
0.707595,1.13544,1
0.740506,1.13544,1
0.773418,1.13544,1
0.806329,1.13544,1
0.839241,1.13544,1
0.872152,1.13544,1
0.905063,1.13544,1
0.937975,1.13544,1
0.970886,1.13544,1
1.0038,1.13544,1
1.03671,1.13544,1
1.06962,1.13544,1
1.10253,1.13544,0
1.13544,1.13544,0
1.16835,1.13544,0
1.20127,1.13544,0
1.23418,1.13544,0
1.26709,1.13544,0
1.3,1.13544,0
-1.3,1.16835,1
-1.26709,1.16835,1
-1.23418,1.16835,1
-1.20127,1.16835,1
-1.16835,1.16835,1
-1.13544,1.16835,1
-1.10253,1.16835,1
-1.06962,1.16835,1
-1.03671,1.16835,1
-1.0038,1.16835,1
-0.970886,1.16835,1
-0.937975,1.16835,1
-0.905063,1.16835,1
-0.872152,1.16835,1
-0.83924,1.16835,1
-0.806329,1.16835,1
-0.773418,1.16835,1
-0.740506,1.16835,1
-0.707595,1.16835,1
-0.674684,1.16835,1
-0.641772,1.16835,1
-0.608861,1.16835,1
-0.575949,1.16835,1
-0.543038,1.16835,1
-0.510127,1.16835,1
-0.477215,1.16835,1
-0.444304,1.16835,1
-0.411392,1.16835,1
-0.378481,1.16835,1
-0.34557,1.16835,1
-0.312658,1.16835,1
-0.279747,1.16835,1
-0.246835,1.16835,1
-0.213924,1.16835,1
-0.181013,1.16835,1
-0.148101,1.16835,1
-0.11519,1.16835,1
-0.0822785,1.16835,1
-0.0493671,1.16835,1
-0.0164558,1.16835,1
0.0164558,1.16835,1
0.0493671,1.16835,1
0.0822785,1.16835,1
0.11519,1.16835,1
0.148101,1.16835,1
0.181013,1.16835,1
0.213924,1.16835,1
0.246835,1.16835,1
0.279747,1.16835,1
0.312658,1.16835,1
0.34557,1.16835,1
0.378481,1.16835,1
0.411392,1.16835,1
0.444304,1.16835,1
0.477215,1.16835,1
0.510127,1.16835,1
0.543038,1.16835,1
0.575949,1.16835,1
0.608861,1.16835,1
0.641772,1.16835,1
0.674684,1.16835,1
0.707595,1.16835,1
0.740506,1.16835,1
0.773418,1.16835,1
0.806329,1.16835,1
0.839241,1.16835,1
0.872152,1.16835,1
0.905063,1.16835,1
0.937975,1.16835,1
0.970886,1.16835,1
1.0038,1.16835,1
1.03671,1.16835,1
1.06962,1.16835,1
1.10253,1.16835,0
1.13544,1.16835,0
1.16835,1.16835,0
1.20127,1.16835,0
1.23418,1.16835,0
1.26709,1.16835,0
1.3,1.16835,0
-1.3,1.20127,1
-1.26709,1.20127,1
-1.23418,1.20127,1
-1.20127,1.20127,1
-1.16835,1.20127,1
-1.13544,1.20127,1
-1.10253,1.20127,1
-1.06962,1.20127,1
-1.03671,1.20127,1
-1.0038,1.20127,1
-0.970886,1.20127,1
-0.937975,1.20127,1
-0.905063,1.20127,1
-0.872152,1.20127,1
-0.83924,1.20127,1
-0.806329,1.20127,1
-0.773418,1.20127,1
-0.740506,1.20127,1
-0.707595,1.20127,1
-0.674684,1.20127,1
-0.641772,1.20127,1
-0.608861,1.20127,1
-0.575949,1.20127,1
-0.543038,1.20127,1
-0.510127,1.20127,1
-0.477215,1.20127,1
-0.444304,1.20127,1
-0.411392,1.20127,1
-0.378481,1.20127,1
-0.34557,1.20127,1
-0.312658,1.20127,1
-0.279747,1.20127,1
-0.246835,1.20127,1
-0.213924,1.20127,1
-0.181013,1.20127,1
-0.148101,1.20127,1
-0.11519,1.20127,1
-0.0822785,1.20127,1
-0.0493671,1.20127,1
-0.0164558,1.20127,1
0.0164558,1.20127,1
0.0493671,1.20127,1
0.0822785,1.20127,1
0.11519,1.20127,1
0.148101,1.20127,1
0.181013,1.20127,1
0.213924,1.20127,1
0.246835,1.20127,1
0.279747,1.20127,1
0.312658,1.20127,1
0.34557,1.20127,1
0.378481,1.20127,1
0.411392,1.20127,1
0.444304,1.20127,1
0.477215,1.20127,1
0.510127,1.20127,1
0.543038,1.20127,1
0.575949,1.20127,1
0.608861,1.20127,1
0.641772,1.20127,1
0.674684,1.20127,1
0.707595,1.20127,1
0.740506,1.20127,1
0.773418,1.20127,1
0.806329,1.20127,1
0.839241,1.20127,1
0.872152,1.20127,1
0.905063,1.20127,1
0.937975,1.20127,1
0.970886,1.20127,1
1.0038,1.20127,1
1.03671,1.20127,1
1.06962,1.20127,0
1.10253,1.20127,0
1.13544,1.20127,0
1.16835,1.20127,0
1.20127,1.20127,0
1.23418,1.20127,0
1.26709,1.20127,0
1.3,1.20127,0
-1.3,1.23418,1
-1.26709,1.23418,1
-1.23418,1.23418,1
-1.20127,1.23418,1
-1.16835,1.23418,1
-1.13544,1.23418,1
-1.10253,1.23418,1
-1.06962,1.23418,1
-1.03671,1.23418,1
-1.0038,1.23418,1
-0.970886,1.23418,1
-0.937975,1.23418,1
-0.905063,1.23418,1
-0.872152,1.23418,1
-0.83924,1.23418,1
-0.806329,1.23418,1
-0.773418,1.23418,1
-0.740506,1.23418,1
-0.707595,1.23418,1
-0.674684,1.23418,1
-0.641772,1.23418,1
-0.608861,1.23418,1
-0.575949,1.23418,1
-0.543038,1.23418,1
-0.510127,1.23418,1
-0.477215,1.23418,1
-0.444304,1.23418,1
-0.411392,1.23418,1
-0.378481,1.23418,1
-0.34557,1.23418,1
-0.312658,1.23418,1
-0.279747,1.23418,1
-0.246835,1.23418,1
-0.213924,1.23418,1
-0.181013,1.23418,1
-0.148101,1.23418,1
-0.11519,1.23418,1
-0.0822785,1.23418,1
-0.0493671,1.23418,1
-0.0164558,1.23418,1
0.0164558,1.23418,1
0.0493671,1.23418,1
0.0822785,1.23418,1
0.11519,1.23418,1
0.148101,1.23418,1
0.181013,1.23418,1
0.213924,1.23418,1
0.246835,1.23418,1
0.279747,1.23418,1
0.312658,1.23418,1
0.34557,1.23418,1
0.378481,1.23418,1
0.411392,1.23418,1
0.444304,1.23418,1
0.477215,1.23418,1
0.510127,1.23418,1
0.543038,1.23418,1
0.575949,1.23418,1
0.608861,1.23418,1
0.641772,1.23418,1
0.674684,1.23418,1
0.707595,1.23418,1
0.740506,1.23418,1
0.773418,1.23418,1
0.806329,1.23418,1
0.839241,1.23418,1
0.872152,1.23418,1
0.905063,1.23418,1
0.937975,1.23418,1
0.970886,1.23418,1
1.0038,1.23418,1
1.03671,1.23418,1
1.06962,1.23418,0
1.10253,1.23418,0
1.13544,1.23418,0
1.16835,1.23418,0
1.20127,1.23418,0
1.23418,1.23418,0
1.26709,1.23418,0
1.3,1.23418,0
-1.3,1.26709,1
-1.26709,1.26709,1
-1.23418,1.26709,1
-1.20127,1.26709,1
-1.16835,1.26709,1
-1.13544,1.26709,1
-1.10253,1.26709,1
-1.06962,1.26709,1
-1.03671,1.26709,1
-1.0038,1.26709,1
-0.970886,1.26709,1
-0.937975,1.26709,1
-0.905063,1.26709,1
-0.872152,1.26709,1
-0.83924,1.26709,1
-0.806329,1.26709,1
-0.773418,1.26709,1
-0.740506,1.26709,1
-0.707595,1.26709,1
-0.674684,1.26709,1
-0.641772,1.26709,1
-0.608861,1.26709,1
-0.575949,1.26709,1
-0.543038,1.26709,1
-0.510127,1.26709,1
-0.477215,1.26709,1
-0.444304,1.26709,1
-0.411392,1.26709,1
-0.378481,1.26709,1
-0.34557,1.26709,1
-0.312658,1.26709,1
-0.279747,1.26709,1
-0.246835,1.26709,1
-0.213924,1.26709,1
-0.181013,1.26709,1
-0.148101,1.26709,1
-0.11519,1.26709,1
-0.0822785,1.26709,1
-0.0493671,1.26709,1
-0.0164558,1.26709,1
0.0164558,1.26709,1
0.0493671,1.26709,1
0.0822785,1.26709,1
0.11519,1.26709,1
0.148101,1.26709,1
0.181013,1.26709,1
0.213924,1.26709,1
0.246835,1.26709,1
0.279747,1.26709,1
0.312658,1.26709,1
0.34557,1.26709,1
0.378481,1.26709,1
0.411392,1.26709,1
0.444304,1.26709,1
0.477215,1.26709,1
0.510127,1.26709,1
0.543038,1.26709,1
0.575949,1.26709,1
0.608861,1.26709,1
0.641772,1.26709,1
0.674684,1.26709,1
0.707595,1.26709,1
0.740506,1.26709,1
0.773418,1.26709,1
0.806329,1.26709,1
0.839241,1.26709,1
0.872152,1.26709,1
0.905063,1.26709,1
0.937975,1.26709,1
0.970886,1.26709,1
1.0038,1.26709,1
1.03671,1.26709,1
1.06962,1.26709,0
1.10253,1.26709,0
1.13544,1.26709,0
1.16835,1.26709,0
1.20127,1.26709,0
1.23418,1.26709,0
1.26709,1.26709,0
1.3,1.26709,0
-1.3,1.3,1
-1.26709,1.3,1
-1.23418,1.3,1
-1.20127,1.3,1
-1.16835,1.3,1
-1.13544,1.3,1
-1.10253,1.3,1
-1.06962,1.3,1
-1.03671,1.3,1
-1.0038,1.3,1
-0.970886,1.3,1
-0.937975,1.3,1
-0.905063,1.3,1
-0.872152,1.3,1
-0.83924,1.3,1
-0.806329,1.3,1
-0.773418,1.3,1
-0.740506,1.3,1
-0.707595,1.3,1
-0.674684,1.3,1
-0.641772,1.3,1
-0.608861,1.3,1
-0.575949,1.3,1
-0.543038,1.3,1
-0.510127,1.3,1
-0.477215,1.3,1
-0.444304,1.3,1
-0.411392,1.3,1
-0.378481,1.3,1
-0.34557,1.3,1
-0.312658,1.3,1
-0.279747,1.3,1
-0.246835,1.3,1
-0.213924,1.3,1
-0.181013,1.3,1
-0.148101,1.3,1
-0.11519,1.3,1
-0.0822785,1.3,1
-0.0493671,1.3,1
-0.0164558,1.3,1
0.0164558,1.3,1
0.0493671,1.3,1
0.0822785,1.3,1
0.11519,1.3,1
0.148101,1.3,1
0.181013,1.3,1
0.213924,1.3,1
0.246835,1.3,1
0.279747,1.3,1
0.312658,1.3,1
0.34557,1.3,1
0.378481,1.3,1
0.411392,1.3,1
0.444304,1.3,1
0.477215,1.3,1
0.510127,1.3,1
0.543038,1.3,1
0.575949,1.3,1
0.608861,1.3,1
0.641772,1.3,1
0.674684,1.3,1
0.707595,1.3,1
0.740506,1.3,1
0.773418,1.3,1
0.806329,1.3,1
0.839241,1.3,1
0.872152,1.3,1
0.905063,1.3,1
0.937975,1.3,1
0.970886,1.3,1
1.0038,1.3,1
1.03671,1.3,0
1.06962,1.3,0
1.10253,1.3,0
1.13544,1.3,0
1.16835,1.3,0
1.20127,1.3,0
1.23418,1.3,0
1.26709,1.3,0
1.3,1.3,0
